LTDB007_b;0.8;0.8;3;15
1;0;0;0;0
1;183.04;30.57;3.69;1
1;182.63;31.42;3.69;2
1;180.99;31.72;0.69;3
1;180.99;31.72;0.69;4
1;180.99;31.72;0.69;5
1;180.99;31.72;0.69;6
1;180.99;31.72;0.69;7
1;180.99;31.72;0.69;8
1;181.41;30.88;0.69;9
1;181.41;30.88;0.69;10
1;181.84;31.08;0.69;11
1;181.84;31.08;0.69;12
1;181.84;31.08;0.69;13
1;181.84;31.08;0.69;14
1;181.84;31.08;0.69;15
1;181.84;31.08;0.69;16
1;181.84;31.08;0.69;17
1;181.84;31.08;0.69;18
1;181.84;31.08;0.69;19
1;180.97;30.69;0.69;20
1;180.97;30.69;0.69;21
1;180.95;29.65;0.69;22
2;147.95;421.2;42.64;1
2;148.25;420.37;42.69;2
2;148.25;420.37;42.69;3
2;146.86;422;41.55;4
2;146.26;420.17;42.69;5
2;146.26;420.17;42.69;6
2;146.26;420.17;42.69;7
2;146.12;419;42.69;8
2;146.12;419;42.69;9
2;146.12;419;42.69;10
2;146.12;419;42.69;11
2;146.32;417.4;42.69;12
2;146.32;417.4;42.69;13
2;144.34;417.2;42.69;14
2;144.34;417.2;42.69;15
2;144.34;417.2;42.69;16
2;144.24;416.42;42.69;17
2;142.06;417.83;42.69;18
2;142.06;417.83;42.69;19
2;142.06;417.83;42.69;20
2;141.42;419.07;42.69;21
2;139.92;419.62;42.69;22
2;139.92;419.62;42.69;23
2;142.67;419.74;42.69;24
2;141.08;419.5;42.69;25
2;142.63;419.35;42.69;26
2;140.64;419.15;42.69;27
2;140.64;419.15;42.69;28
2;140.64;419.15;42.69;29
2;142.81;420.91;42.69;30
2;142.81;420.91;42.69;31
2;141.03;419.11;42.69;32
2;141.51;419.85;42.69;33
2;141.51;419.85;42.69;34
2;141.51;419.85;42.69;35
2;141.51;419.85;42.69;36
2;141.51;419.85;42.69;37
2;140.93;422;40.79;38
2;140.93;422;40.79;39
2;142.11;422;40.36;40
2;142.04;420.99;42.69;41
2;142.04;420.99;42.69;42
2;142.81;420.91;42.69;43
2;141.6;420.63;42.69;44
2;142.72;420.13;42.69;45
2;143.11;420.09;42.69;46
2;142.92;418.53;42.69;47
2;142.92;418.53;42.69;48
2;145.78;419.43;42.69;49
2;144.09;418.41;42.69;50
2;143.75;418.84;42.69;51
2;143.75;418.84;42.69;52
2;143.84;419.62;42.69;53
2;144.23;419.58;42.69;54
2;144.23;419.58;42.69;55
2;144.23;419.58;42.69;56
2;144.96;419.12;42.69;57
2;144.96;419.12;42.69;58
2;145.34;419.08;42.69;59
2;145.34;419.08;42.69;60
2;145.34;419.08;42.69;61
2;145.3;418.69;42.69;62
2;144.38;417.59;42.69;63
2;144.43;418.37;39.69;64
2;143.27;418.1;42.69;65
2;145.09;420.29;42.69;66
2;144.66;419.93;42.69;67
2;144.66;419.93;42.69;68
2;144.13;418.8;42.69;69
2;144.13;418.8;42.69;70
2;144.91;418.72;42.69;71
2;144.91;418.72;42.69;72
2;144.61;419.54;42.69;73
2;144.75;420.72;42.69;74
2;144.88;422;40.81;75
2;145.27;422;40.66;76
2;145.27;422;40.66;77
2;145.27;422;40.66;78
2;145.27;422;40.66;79
2;145.14;420.68;42.69;80
2;145.14;420.68;42.69;81
2;145.48;420.25;42.69;82
2;145.48;420.25;42.69;83
2;144.02;421.2;42.63;84
2;144.02;421.2;42.63;85
2;143.88;420.01;42.69;86
2;143.88;420.01;42.69;87
2;143.93;420.4;42.69;88
2;143.88;420.01;42.69;89
2;143.88;420.01;42.69;90
2;143.2;420.87;42.69;91
2;143.56;424.4;39.77;92
2;143.56;424.4;39.77;93
3;105.93;402.97;33.69;1
3;105.93;402.97;33.69;2
3;106.76;402.59;33.69;3
3;106.76;402.59;33.69;4
3;107.01;402.27;33.69;5
3;107;400.84;36.69;6
3;106.91;401.39;33.69;7
3;107;400.84;36.69;8
3;107;400.84;36.69;9
3;107;400.84;36.69;10
3;107;400.84;36.69;11
3;107;400.84;36.69;12
3;107.57;400.78;36.69;13
3;107.49;401.33;33.69;14
3;107.49;401.33;33.69;15
3;107.49;401.33;33.69;16
3;106.77;400.23;33.69;17
3;105.76;400.09;36.69;18
3;105.76;400.09;36.69;19
3;105.76;400.09;36.69;20
3;105.76;400.09;36.69;21
3;105.76;400.09;36.69;22
3;105.76;400.09;36.69;23
3;105.48;397.79;36.69;24
3;105.82;397.09;33.69;25
3;105.92;396.58;36.69;26
3;107.1;396.74;36.69;27
3;106.91;397.64;36.69;28
3;106.91;397.64;36.69;29
3;107.94;398.99;36.69;30
3;107.97;399.28;36.69;31
3;107.97;399.28;36.69;32
3;107.97;399.28;36.69;33
3;107.89;399.81;33.69;34
3;107.97;399.28;36.69;35
3;107.97;399.28;36.69;36
3;107.97;399.28;36.69;37
3;107.97;399.28;36.69;38
3;107.97;399.28;36.69;39
3;107.97;399.28;36.69;40
3;107.22;400.23;36.69;41
3;105.65;399.23;36.69;42
3;105.65;399.23;36.69;43
3;105.05;399;36.69;44
3;105.05;399;36.69;45
3;104.94;399.54;33.69;46
3;105.16;398.47;39.69;47
3;104.94;399.54;33.69;48
3;105.16;398.47;39.69;49
3;103.44;400.05;36.69;50
3;103.44;400.05;36.69;51
3;103.44;400.05;36.69;52
3;103.29;401.23;36.69;53
3;103.42;400.67;39.69;54
3;103.29;401.23;36.69;55
3;103.29;401.23;36.69;56
3;104.6;402.55;36.69;57
3;104.6;402.55;36.69;58
3;103.25;400.94;36.69;59
3;102.99;400.34;33.69;60
3;102.77;399.25;36.69;61
3;102.77;399.25;36.69;62
3;102.77;399.25;36.69;63
3;102.73;400.66;33.69;64
3;102.67;400.08;33.69;65
3;102.8;399.53;36.69;66
3;102.8;399.53;36.69;67
3;101.49;397.55;33.69;68
3;101.49;397.55;33.69;69
3;101.35;398.07;30.69;70
3;102.56;397.52;36.69;71
3;104.34;398.84;39.69;72
3;104.34;398.84;39.69;73
3;104.24;397.99;39.69;74
3;104.12;398.52;36.69;75
3;103.49;398;36.69;76
3;103.2;401.27;39.69;77
3;103.2;401.27;39.69;78
3;103.35;400.1;39.69;79
3;103.19;400.37;36.69;80
3;103.12;399.79;36.69;81
3;103.25;399.25;39.69;82
3;103.25;399.25;39.69;83
3;103.81;399.19;39.69;84
3;103.93;401.75;36.69;85
3;103.95;400.33;39.69;86
3;103.28;399.53;39.69;87
3;103.15;400.08;36.69;88
3;102.87;401.82;33.69;89
3;103;401.26;36.69;90
3;103.13;400.7;39.69;91
3;103.13;400.7;39.69;92
3;102.75;403.3;33.69;93
4;169.95;414.81;33.69;1
4;170.31;415.44;30.69;2
4;170.31;415.44;30.69;3
4;169.95;414.81;33.69;4
4;169.95;414.81;33.69;5
4;169.95;414.81;33.69;6
4;169.95;414.81;33.69;7
4;169.98;415.42;33.69;8
4;170.56;415.37;36.69;9
4;170.56;415.37;36.69;10
4;172.1;415.94;36.69;11
4;172.1;415.94;36.69;12
4;172.1;415.94;36.69;13
4;172.73;416.53;36.69;14
4;172.73;416.53;36.69;15
4;172.87;415.8;42.69;16
4;172.87;415.8;42.69;17
4;173.67;417.12;36.69;18
4;173.9;417.05;39.69;19
4;174.3;417.71;36.69;20
4;174.3;417.71;36.69;21
4;174.33;418.31;36.69;22
4;174.33;418.31;36.69;23
4;173.47;418.09;33.69;24
4;172.3;416.11;42.69;25
4;172.3;416.11;42.69;26
4;172.3;416.11;42.69;27
4;172.28;415.81;42.69;28
4;172.58;415.81;42.69;29
4;172.97;416.47;39.69;30
4;172.58;415.81;42.69;31
4;173.37;417.12;36.69;32
4;174.37;417.77;33.69;33
4;174.37;417.77;33.69;34
4;173.99;417.41;36.69;35
4;173.25;417.28;42.69;36
4;174.05;418.62;36.69;37
4;173.65;417.95;39.69;38
4;174.68;419.22;36.69;39
4;174.68;419.22;36.69;40
4;175.09;419.9;33.69;41
4;172.78;418.57;39.69;42
4;172.78;418.57;39.69;43
4;172.99;421.68;36.69;44
4;173.22;420.16;36.69;45
4;173.53;420.45;36.69;46
4;173.93;421.15;33.69;47
4;173.53;420.45;36.69;48
4;172.83;420.85;42.69;49
4;172.83;420.85;42.69;50
4;172.83;420.85;42.69;51
4;172.83;420.85;42.69;52
4;172.83;420.85;42.69;53
4;172.83;420.85;42.69;54
4;172.83;420.85;42.69;55
4;172.83;420.85;42.69;56
4;173.23;421.56;39.69;57
4;173.23;421.56;39.69;58
4;173.63;422.27;36.69;59
4;173.63;422.27;36.69;60
4;173.63;422.27;36.69;61
4;172.98;421.37;36.69;62
4;172.98;421.37;36.69;63
4;172.39;421.69;36.69;64
4;172.39;421.69;36.69;65
4;172.39;421.69;36.69;66
4;173.56;422.16;39.69;67
4;173.96;422.87;36.69;68
4;173.84;421.85;39.69;69
4;173.84;421.85;39.69;70
4;173.9;423.05;39.69;71
4;174.61;423.77;36.69;72
4;174.82;423.33;39.69;73
4;175.42;423.32;39.69;74
4;176.02;423.31;39.69;75
4;176.05;423.91;39.69;76
4;174.88;424.54;39.69;77
4;175.29;425.28;36.69;78
4;174.15;423.5;42.69;79
4;174.34;424.38;36.69;80
4;174.34;424.38;36.69;81
4;174.41;425.9;36.69;82
4;174.41;425.9;36.69;83
4;173.89;427.43;36.69;84
4;174.49;427.42;36.69;85
4;174.09;426.66;39.69;86
4;173.86;426.82;36.69;87
4;173.35;425.3;42.69;88
4;173.76;426.06;39.69;89
4;174.76;426.81;36.69;90
4;175.17;427.56;33.69;91
4;175.89;428.32;30.69;92
4;175.9;428.63;30.69;93
5;214.21;412.92;42.01;1
5;214.21;412.63;41.95;2
5;213.41;412.46;41.44;3
5;213.41;412.46;41.44;4
5;213.41;412.7;40.3;5
5;213.41;412.7;40.3;6
5;213.41;413.57;40.5;7
5;213.41;413.28;40.43;8
5;213.41;413.28;40.43;9
5;208.25;413.52;42.69;10
5;208.25;413.52;42.69;11
5;204.24;412.7;42.69;12
5;203.16;409.73;42.69;13
5;201.34;409.77;42.69;14
5;201.1;410.08;39.69;15
5;198.9;409.53;42.69;16
5;198.9;409.53;42.69;17
5;200.07;408.9;42.69;18
5;200.07;408.9;42.69;19
5;200.07;408.9;42.69;20
5;199.31;411.04;39.69;21
5;198.64;410.44;42.69;22
5;198.64;410.44;42.69;23
5;198.64;410.44;42.69;24
5;199.55;410.41;42.69;25
5;199.55;410.41;42.69;26
5;199.55;410.41;42.69;27
5;199.55;410.41;42.69;28
5;199.84;410.11;42.69;29
5;199.82;409.81;42.69;30
5;199.74;408.31;42.69;31
5;197.57;407.47;42.69;32
5;195.76;407.5;39.69;33
5;195.76;407.5;39.69;34
5;195.13;406.93;42.69;35
5;194.79;406.34;42.69;36
5;193.19;404.59;42.69;37
5;193.8;405.13;39.69;38
5;192.89;405.16;39.69;39
5;193.13;404.79;36.69;40
5;192.54;404.26;39.69;41
5;191.28;402.56;42.69;42
5;192.41;402.69;36.69;43
5;190.32;402.52;39.69;44
5;189.74;402.01;42.69;45
5;190.44;399.21;39.69;46
5;188.07;398.78;42.69;47
5;189.24;398.15;42.69;48
5;189.54;398.14;42.69;49
5;189.76;396.65;42.69;50
5;189.71;395.76;42.69;51
5;190.58;396.2;39.69;52
5;190.01;395.75;42.69;53
5;191.16;396.65;36.69;54
5;190.58;396.2;39.69;55
5;190.01;395.75;42.69;56
5;190.23;395.31;39.69;57
5;190.45;396.22;33.69;58
5;190.54;397.75;33.69;59
5;189.97;397.29;36.69;60
5;190.54;397.75;33.69;61
5;190.54;397.75;33.69;62
5;190.54;397.75;33.69;63
5;191.74;397.1;33.69;64
5;193.59;397.04;33.69;65
5;193.59;397.04;33.69;66
5;192.68;397.37;33.69;67
5;192.68;397.37;33.69;68
5;192.61;397.23;30.69;69
5;192.03;396.78;33.69;70
5;192.03;396.78;33.69;71
5;191.89;398.75;36.69;72
5;192.37;397.38;33.69;73
5;193.3;397.35;33.69;74
5;192.37;397.38;33.69;75
5;189.73;398.51;36.69;76
5;190.02;399.6;33.69;77
5;190;399.29;33.69;78
5;190.56;399.76;30.69;79
5;190.56;399.76;30.69;80
5;190;399.29;33.69;81
5;190.54;399.45;30.69;82
5;189.66;398.69;33.69;83
5;189.64;400.1;30.69;84
5;189.77;400.83;33.69;85
5;190.32;403.07;27.69;86
5;190.64;403.06;27.69;87
5;191.9;403.03;27.69;88
5;192.21;403.02;27.69;89
5;192.23;403.33;27.69;90
5;192.8;403.83;24.69;91
5;195.14;404.5;27.69;92
5;196.33;405.53;21.69;93
6;144.91;361.08;42.69;1
6;144.91;361.08;42.69;2
6;144.91;361.08;42.69;3
6;144.91;361.08;42.69;4
6;144.91;361.08;42.69;5
6;144.91;361.08;42.69;6
6;144.91;361.08;42.69;7
6;144.91;361.08;42.69;8
6;145.46;360.3;36.69;9
6;145.75;360.26;36.69;10
6;145.89;360.77;33.69;11
6;146.53;361.34;36.69;12
6;146.97;361.82;33.69;13
6;146.97;361.82;33.69;14
6;146.91;359.7;33.69;15
6;146.91;359.7;33.69;16
6;146.91;359.7;33.69;17
6;146.91;359.7;33.69;18
6;146.91;359.7;33.69;19
6;146.04;360.21;36.69;20
6;146.18;360.73;33.69;21
6;146.04;360.21;36.69;22
6;146.23;361.02;33.69;23
6;146.24;361.39;36.69;24
6;146.24;361.39;36.69;25
6;146.24;361.39;36.69;26
6;146.29;361.68;36.69;27
6;146.29;361.68;36.69;28
6;146.29;361.68;36.69;29
6;146.39;362.27;36.69;30
6;146.43;362.56;36.69;31
6;146.43;362.56;36.69;32
6;146.43;362.56;36.69;33
6;146.43;362.56;36.69;34
6;146.43;362.56;36.69;35
6;146.48;362.51;33.69;36
6;146.48;362.51;33.69;37
6;146.48;362.51;33.69;38
6;146.48;362.51;33.69;39
6;145.47;363.59;33.69;40
6;145.47;363.59;33.69;41
6;145.47;363.59;33.69;42
6;146.05;363.49;33.69;43
6;146.05;363.49;33.69;44
6;147.22;363.31;33.69;45
6;147.37;363.85;30.69;46
6;147.51;362.91;30.69;47
6;147.67;363.44;27.69;48
6;147.36;362.37;33.69;49
6;146.57;361.28;33.69;50
6;145.99;362.84;30.69;51
6;145.99;362.84;30.69;52
6;146.04;364.63;27.69;53
6;145.9;364.09;30.69;54
6;145.9;364.09;30.69;55
6;145.65;364.43;30.69;56
6;145.79;364.98;27.69;57
6;143.54;364.46;30.69;58
6;142.88;362.52;36.69;59
6;142.88;362.52;36.69;60
6;142.88;362.52;36.69;61
6;142.88;362.52;36.69;62
6;142.88;362.52;36.69;63
6;143.97;365.35;33.69;64
6;143.97;365.35;33.69;65
6;143.97;365.35;33.69;66
6;143.97;365.35;33.69;67
6;143.87;364.75;33.69;68
6;142.11;363.24;36.69;69
6;137.58;364.78;30.69;70
6;138.86;367.04;30.69;71
6;138.03;367.48;30.69;72
6;136.02;366.52;27.69;73
6;134.03;366.87;30.69;74
6;134.05;367.45;27.69;75
6;129.08;369.12;24.69;76
6;128.82;373.22;24.69;77
6;129.32;374.4;24.69;78
6;129.32;374.4;24.69;79
6;129.32;374.4;24.69;80
6;130.31;374.88;24.69;81
6;130.45;375.8;24.69;82
6;130.77;377.36;18.69;83
6;132.7;375.79;18.69;84
6;131.63;374.99;18.69;85
6;132.24;373.59;15.69;86
6;133.06;370.88;15.69;87
6;134.82;365.86;18.69;88
6;134.84;366.41;15.69;89
6;134.84;366.41;15.69;90
6;134.87;366.95;12.69;91
6;136.41;364.75;12.69;92
6;136.97;364.54;9.69;93
7;234.21;360.75;22.15;1
7;234.21;360.75;22.15;2
7;234.21;361.25;21.37;3
7;233.41;360.85;23.76;4
7;232.61;361.31;22.24;5
7;232.61;361.31;22.24;6
7;231.81;361.9;23.08;7
7;231.81;361.9;23.08;8
7;232.61;362.32;20.64;9
7;232.61;362.32;20.64;10
7;231.81;361.9;23.08;11
7;231.01;361.51;20.92;12
7;230.21;361.09;23.39;13
7;230.21;361.09;23.39;14
7;230.21;361.09;23.39;15
7;230.21;361.66;23.79;16
7;232.61;363.6;23.81;17
7;233.41;363.58;23.37;18
7;233.41;362.92;26.27;19
7;234.21;363.25;27.16;20
7;234.21;363.25;27.16;21
7;234.21;363.25;27.16;22
7;235.01;362.23;23.85;23
7;235.01;362.23;23.85;24
7;234.21;363.18;26.02;25
7;234.21;363.18;26.02;26
7;234.21;362.61;25.63;27
7;234.21;360.61;24.29;28
7;234.21;360.61;24.29;29
7;234.21;361.19;24.67;30
7;234.21;361.19;24.67;31
7;235.01;361.59;22.31;32
7;236.61;360.94;21.08;33
7;236.61;360.94;21.08;34
7;235.81;359.98;23.04;35
7;236.61;360.07;20.5;36
7;235.81;360.84;23.61;37
7;236.61;360.53;23;38
7;237.41;358.66;20.28;39
7;237.41;358.66;20.28;40
7;236.61;359.28;21.08;41
7;236.61;359.86;21.46;42
7;236.61;359.86;21.46;43
7;236.61;359.86;21.46;44
7;236.61;361.02;22.23;45
7;236.61;361.02;22.23;46
7;234.21;362.69;22.35;47
7;234.21;362.69;22.35;48
7;234.21;363.56;22.93;49
7;235.01;362.74;23.08;50
7;235.01;361.66;23.47;51
7;235.01;361.66;23.47;52
7;235.01;361.66;23.47;53
7;235.01;361.45;24.43;54
7;235.01;361.45;24.43;55
7;235.01;361.45;24.43;56
7;235.81;360.77;22.46;57
7;235.81;360.77;22.46;58
7;235.81;360.77;22.46;59
7;235.01;360.38;24.81;60
7;235.01;360.38;24.81;61
7;235.01;359.51;24.24;62
7;234.21;359.38;22.35;63
7;234.21;359.38;22.35;64
7;234.21;359.38;22.35;65
7;234.21;359.8;20.38;66
7;232.61;359.86;21.25;67
7;232.61;360.58;19.44;68
7;231.81;360.32;19.67;69
7;231.81;360.32;19.67;70
7;231.81;360.32;19.67;71
7;231.81;359.45;19.07;72
7;231.81;359.45;19.07;73
7;231.01;359.77;19.7;74
7;229.41;359.25;20.19;75
7;228.61;359.5;19.61;76
7;227.01;357.89;20.55;77
7;224.61;357.83;19.42;78
7;223.81;358.07;18.81;79
7;223.01;358.78;15.95;80
7;225.41;357.51;18.73;81
7;225.41;358.02;17.85;82
7;224.61;357.61;20.5;83
7;223.81;357.85;19.91;84
7;223.81;357.85;19.91;85
7;223.81;357.85;19.91;86
7;221.41;356.34;22.76;87
7;220.61;356.51;20.85;88
7;220.61;357.66;21.72;89
7;223.01;357.08;21.07;90
7;223.81;358.59;17.92;91
7;225.41;360.21;16.95;92
7;225.41;360.21;16.95;93
8;276.61;366.99;10.28;1
8;276.61;367.11;11.21;2
8;276.61;367.11;11.21;3
8;276.61;367.11;11.21;4
8;277.41;366.86;11.77;5
8;277.41;366.86;11.77;6
8;275.01;367.56;11.81;7
8;272.61;368.25;11.86;8
8;273.41;367.84;8.78;9
8;273.41;367.84;8.78;10
8;273.41;368.16;8.94;11
8;274.21;368.48;7.14;12
8;272.61;368.62;7.56;13
8;272.61;367.68;7.05;14
8;270.21;367.57;7.52;15
8;270.21;367.57;7.52;16
8;267.81;367.26;8.84;17
8;268.61;367.59;6.96;18
8;268.61;367.87;1.39;19
8;267.81;367.42;2.27;20
8;263.81;365.3;7.79;21
8;264.61;364.38;5.14;22
8;264.61;365.5;1.85;23
8;263.81;365.77;1.19;24
8;263.81;365.77;1.19;25
8;263.81;365.14;0.82;26
8;263.01;363.54;2.08;27
8;263.01;363.54;2.08;28
8;263.81;362.52;1.32;29
8;263.81;362.33;2.2;30
8;264.61;362.45;1.1;31
8;264.61;361.81;0.74;32
8;264.61;361.81;0.74;33
8;263.81;360.55;2.17;34
8;262.21;358.05;5.04;35
8;256.61;357.29;0.92;36
8;256.61;357.29;0.92;37
8;255.81;358.51;0.8;38
8;247.81;358.47;1.84;39
8;245.41;357.63;0.87;40
8;241.41;356.71;1.51;41
8;239.01;356.91;2.44;42
8;235.81;358.41;0.92;43
8;233.41;359.11;1.03;44
8;233.41;359.73;1.47;45
8;230.21;359.03;2.2;46
8;227.81;358.58;2.85;47
8;230.21;359.33;2.42;48
8;230.21;359.64;2.65;49
8;230.21;359.64;2.65;50
8;230.21;359.64;2.65;51
8;230.21;359.64;2.65;52
8;229.41;360.15;0.7;53
8;226.21;357.76;2.93;54
8;223.81;356.7;3.19;55
8;223.81;355.18;2.01;56
8;223.81;355.18;2.01;57
8;223.81;355.4;0.79;58
8;223.81;355.4;0.79;59
8;223.01;354.93;2.18;60
8;222.21;353.84;3.1;61
8;222.21;353.84;3.1;62
8;222.21;353.84;3.1;63
8;222.21;353.45;1.39;64
8;222.21;353.45;1.39;65
8;222.21;353.45;1.39;66
8;222.21;353.45;1.39;67
8;222.21;353.45;1.39;68
8;222.21;353.45;1.39;69
8;220.61;352.95;1.73;70
8;219.81;353.61;2.65;71
8;219.81;353.61;2.65;72
8;219.81;353.83;1.38;73
8;218.62;354.14;0.69;74
8;217.87;353.92;0.69;75
8;217.46;353.63;0.69;76
8;215.62;353.23;0.69;77
8;215.21;352.95;0.69;78
8;214.8;352.66;0.69;79
8;214.04;352.27;3.69;80
8;214.74;352.33;0.69;81
8;214.74;352.33;0.69;82
8;214.4;352.38;0.69;83
8;212.9;351.92;0.69;84
8;211.39;353.21;0.69;85
8;210.58;352.64;0.69;86
8;209.64;351.41;0.69;87
8;210.04;351.69;0.69;88
8;209.7;351.74;0.69;89
8;209.36;351.8;0.69;90
8;208.41;352.3;0.69;91
8;208.39;354.03;0.69;92
8;208.03;355.83;0.69;93
9;197.51;405.2;17.62;1
9;197.62;404.4;15.9;2
9;197.62;404.4;15.9;3
9;197.62;404.4;15.9;4
9;197.62;404.4;15.9;5
9;197.45;404.4;16.99;6
9;197.45;404.4;16.99;7
9;197.45;404.4;16.99;8
9;198.01;405.2;14.36;9
9;197.81;404.4;16.84;10
9;197.81;404.4;16.84;11
9;197.6;404.4;13.85;12
9;197.6;404.4;13.85;13
9;197.48;405.2;15.6;14
9;199.11;405.2;15.95;15
9;197.67;405.2;16.54;16
9;197.67;405.2;16.54;17
9;198.22;406;13.93;18
9;198.22;406;13.93;19
9;198.39;405.2;16.25;20
9;198.39;405.2;16.25;21
9;198.95;406;13.63;22
9;198.39;405.2;16.25;23
9;198.37;405.2;14.21;24
9;198.73;405.2;14.06;25
9;199.11;405.2;15.95;26
9;199.11;405.2;15.95;27
9;198.94;405.2;17.03;28
9;198.95;406;13.63;29
9;198.95;406;13.63;30
9;198.95;406;13.63;31
9;199.01;406.8;16.3;32
9;198.78;406;14.72;33
9;198.78;406;14.72;34
9;198.22;405.2;17.33;35
9;199.12;405.2;17.97;36
9;199.51;406;16.44;37
9;198.95;405.2;19.04;38
9;199.51;406;16.44;39
9;199.51;406;16.44;40
9;199.51;406;16.44;41
9;200.77;406;14.92;42
9;199.31;405.2;18.89;43
9;199.31;405.2;18.89;44
9;199.17;406;18.58;45
9;199.17;406;18.58;46
9;199.36;406;19.5;47
9;199.92;406.8;16.93;48
9;199.92;406.8;16.93;49
9;199.92;406.8;16.93;50
9;199.58;406.8;19.04;51
9;199.58;406.8;19.04;52
9;199.97;407.6;17.55;53
9;199.97;407.6;17.55;54
9;200.19;408.4;17.12;55
9;199.63;407.6;19.64;56
9;199.63;407.6;19.64;57
9;200.19;408.4;17.12;58
9;199.63;407.6;19.64;59
9;200.19;408.4;17.12;60
9;199.63;407.6;19.64;61
9;200.19;408.4;17.12;62
9;199.8;407.6;18.6;63
9;200.51;407.6;18.32;64
9;200.51;407.6;18.32;65
9;200.51;407.6;18.32;66
9;200.57;408.4;18.92;67
9;200.57;408.4;18.92;68
9;200.16;407.6;18.46;69
9;200.73;408.4;17.88;70
9;199.97;407.6;17.55;71
9;199.97;407.6;17.55;72
9;199.85;408.4;19.2;73
9;200.51;407.6;18.32;74
9;200.73;408.4;17.88;75
9;200.73;408.4;17.88;76
9;200.16;407.6;18.46;77
9;199.99;407.6;19.5;78
9;200.55;408.4;16.98;79
9;201.64;408.4;18.51;80
9;200.38;408.4;18.02;81
9;200.38;408.4;18.02;82
9;200.38;408.4;18.02;83
9;200.38;408.4;18.02;84
9;200.38;408.4;18.02;85
9;200.55;408.4;16.98;86
9;200.55;408.4;16.98;87
9;200.47;406.8;17.71;88
9;200.16;407.6;18.46;89
9;199.01;407.7;15.43;90
9;201.01;406.8;18.48;91
9;198.21;407.45;14.37;92
9;199.01;409.32;11.86;93
10;146.32;333.98;27.69;1
10;146.32;333.98;27.69;2
10;146.32;333.98;27.69;3
10;148.52;332.84;27.69;4
10;149.34;332.41;27.69;5
10;149.92;331.7;24.69;6
10;151.22;330.96;21.69;7
10;151.22;330.96;21.69;8
10;151.22;330.96;21.69;9
10;151.59;330.83;24.69;10
10;153.88;328.52;21.69;11
10;154.72;328.09;21.69;12
10;155.56;329.05;21.69;13
10;155.56;329.05;21.69;14
10;156.97;329.72;21.69;15
10;157.81;329.28;21.69;16
10;158.65;328.85;21.69;17
10;159.07;328.98;21.69;18
10;159.21;329.26;21.69;19
10;159.21;329.26;21.69;20
10;158.51;329.27;21.69;21
10;158.51;329.27;21.69;22
10;156.97;329.02;21.69;23
10;156.97;329.02;21.69;24
10;156.97;329.02;21.69;25
10;156.97;329.02;21.69;26
10;156.82;328.74;21.69;27
10;156.82;328.74;21.69;28
10;155.56;328.35;21.69;29
10;155.14;328.22;21.69;30
10;155.14;328.22;21.69;31
10;153.88;328.52;21.69;32
10;150.28;329.26;18.69;33
10;150.28;329.26;18.69;34
10;149.25;330.57;21.69;35
10;149.71;328.84;18.69;36
10;149.34;328.95;15.69;37
10;147.33;329.27;15.69;38
10;146.17;328.21;18.69;39
10;146.17;328.21;18.69;40
10;146.17;328.21;18.69;41
10;146.58;328.11;21.69;42
10;147.66;328.65;12.69;43
10;146.98;328.9;9.69;44
10;147.37;328.8;12.69;45
10;147.76;328.69;15.69;46
10;148.44;329.15;18.69;47
10;148.05;329.26;15.69;48
10;148.05;329.26;15.69;49
10;147.66;329.37;12.69;50
10;147.76;328.69;15.69;51
10;147.37;328.8;12.69;52
10;147.37;328.8;12.69;53
10;147.47;328.13;15.69;54
10;146.93;327.94;12.69;55
10;147.33;327.85;15.69;56
10;147.72;327.75;18.69;57
10;146.93;327.94;12.69;58
10;147.47;328.13;15.69;59
10;147.47;328.13;15.69;60
10;147.08;328.23;12.69;61
10;147.08;328.23;12.69;62
10;147.47;328.13;15.69;63
10;147.87;328.03;18.69;64
10;148.05;329.26;15.69;65
10;148.44;329.15;18.69;66
10;148.44;329.15;18.69;67
10;148.68;331.36;12.69;68
10;147.53;331.24;12.69;69
10;147.53;331.24;12.69;70
10;147.91;331.12;15.69;71
10;147.63;331.26;15.69;72
10;147.48;330.98;15.69;73
10;147.48;330.98;15.69;74
10;146.7;331.23;9.69;75
10;147.63;331.26;15.69;76
10;147.92;331.83;15.69;77
10;147.92;331.83;15.69;78
10;144.8;331.85;9.69;79
10;145.07;332.15;12.69;80
10;145.07;332.15;12.69;81
10;145.48;332.02;15.69;82
10;145.51;332.29;12.69;83
10;145.51;332.29;12.69;84
10;145.91;332.16;15.69;85
10;143.33;330.89;12.69;86
10;143.34;330.42;9.69;87
10;142.03;329.77;12.69;88
10;141.59;329.88;9.69;89
10;142.47;330.62;12.69;90
10;142.47;330.62;12.69;91
10;139.97;330.6;6.69;92
10;141.89;331.91;9.69;93
11;243.81;341.82;2.11;1
11;243.81;342.23;0.85;2
11;243.81;342.23;0.85;3
11;243.01;344.7;1.92;4
11;243.01;344.97;2.25;5
11;243.01;344.97;2.25;6
11;244.61;345.83;0.79;7
11;244.61;346.64;1.76;8
11;246.21;348.12;2.08;9
11;248.61;350.38;1.1;10
11;248.61;350.17;1.88;11
11;249.41;350.48;1.03;12
11;249.41;350.48;1.03;13
11;247.81;350.76;0.7;14
11;244.61;349.67;2.27;15
11;243.01;349.47;2.44;16
11;243.01;349.89;0.83;17
11;241.41;348.74;1.98;18
11;240.61;348.1;1.42;19
11;239.01;347.43;2.11;20
11;238.21;347;0.71;21
11;238.21;347;0.71;22
11;238.21;347;0.71;23
11;237.41;346.49;2.49;24
11;237.41;345.42;1.14;25
11;237.41;345.15;0.81;26
11;238.21;345.52;1.04;27
11;238.21;346.06;1.71;28
11;238.21;346.26;0.87;29
11;238.21;346.26;0.87;30
11;236.61;345.66;2.77;31
11;236.61;345.66;2.77;32
11;235.01;344.92;2.34;33
11;234.21;344.56;2.12;34
11;234.21;344.02;1.43;35
11;231.81;343.19;1.11;36
11;229.41;341.42;1.88;37
11;230.21;341.72;0.85;38
11;229.41;340.62;0.81;39
11;228.61;336.42;2.41;40
11;226.21;338.77;1.78;41
11;226.21;339.31;2.5;42
11;227.01;338.33;0.89;43
11;226.21;338.31;2.33;44
11;226.21;338.31;2.33;45
11;225.41;336.77;2.87;46
11;225.41;336.95;1.95;47
11;225.41;336.95;1.95;48
11;222.21;335.58;2.48;49
11;219.81;334.21;1.53;50
11;218.21;333.48;1.15;51
11;218.21;334.83;3.08;52
11;218.21;334.02;1.93;53
11;218.21;332.86;2.73;54
11;218.21;332.14;2.93;55
11;218.21;333.75;1.54;56
11;218.21;333.75;1.54;57
11;218.21;333.75;1.54;58
11;217.41;333.93;2.13;59
11;215.01;332.93;3;60
11;215.01;332.66;2.6;61
11;215.81;332.66;0.98;62
11;215.81;332.66;0.98;63
11;215.81;332.66;0.98;64
11;215.01;335;0.94;65
11;212.61;336.49;3.01;66
11;212.61;336.23;2.61;67
11;212.61;336.23;2.61;68
11;212.61;336.23;2.61;69
11;213.41;336.06;1.97;70
11;213.41;336.33;2.37;71
11;213.41;340.01;2.7;72
11;212.61;340.37;2.31;73
11;212.61;340.11;1.9;74
11;211.81;339.48;1.31;75
11;211.81;339.74;1.72;76
11;211.01;341.4;3.38;77
11;208.61;343.94;1.72;78
11;210.21;343.43;1.46;79
11;207.01;344.7;2.42;80
11;203.69;341.45;0.69;81
11;203.69;341.45;0.69;82
11;201.72;339.09;0.69;83
11;199.8;337.74;0.69;84
11;197.83;337.09;0.69;85
11;197.83;337.09;0.69;86
11;196.5;337.23;0.69;87
11;196.5;337.23;0.69;88
11;196.5;337.23;0.69;89
11;194.84;336.16;6.69;90
11;196.16;336.34;0.69;91
11;193.49;331.14;3.69;92
11;194.19;331.33;0.69;93
12;106.36;295.77;21.69;1
12;106.36;295.77;21.69;2
12;106.36;295.77;21.69;3
12;106.84;294.34;18.69;4
12;106.84;294.34;18.69;5
12;106.84;294.34;18.69;6
12;106.84;294.34;18.69;7
12;105.93;294.08;18.69;8
12;105.39;297.22;21.69;9
12;105.78;297.17;21.69;10
12;105.21;296.42;21.69;11
12;105.13;296.01;21.69;12
12;105.05;295.59;21.69;13
12;106.28;295.36;21.69;14
12;106.28;295.36;21.69;15
12;104.63;297.82;21.69;16
12;104.22;297.9;21.69;17
12;104.22;297.9;21.69;18
12;103.93;297.98;24.69;19
12;103.2;298.55;24.69;20
12;102.39;298.71;24.69;21
12;101.17;298.94;24.69;22
12;101.17;298.94;24.69;23
12;101.17;298.94;24.69;24
12;101.31;298.93;27.69;25
12;100.91;299.01;27.69;26
12;99.86;300.06;27.69;27
12;99.42;301.07;30.69;28
12;99.42;301.07;30.69;29
12;99.42;301.07;30.69;30
12;99.28;299.24;30.69;31
12;99.46;298.18;30.69;32
12;99.65;298.17;27.69;33
12;100.62;294.33;24.69;34
12;100.62;294.33;24.69;35
12;101.69;294.26;24.69;36
12;102.57;295.27;24.69;37
12;103.89;295.42;21.69;38
12;103.89;295.42;21.69;39
12;104.18;295.67;21.69;40
12;105.33;296.41;21.69;41
12;104.49;299.74;21.69;42
12;104.18;299.78;18.69;43
12;103.67;299.79;21.69;44
12;103.67;299.79;21.69;45
12;103.67;299.79;21.69;46
12;103.67;299.79;21.69;47
12;102.91;299.83;24.69;48
12;102.91;299.83;24.69;49
12;103.51;297.63;21.69;50
12;103.51;297.63;21.69;51
12;103.51;297.09;24.69;52
12;104.28;297.03;21.69;53
12;104.28;297.03;21.69;54
12;104.33;297.57;21.69;55
12;105.13;297.79;18.69;56
12;104.89;297.8;21.69;57
12;104.89;297.8;21.69;58
12;104.91;298.08;21.69;59
12;104.91;298.08;21.69;60
12;104.89;297.8;21.69;61
12;103.53;297.9;21.69;62
12;103.31;297.91;24.69;63
12;103.01;298.21;21.69;64
12;102.51;298.79;21.69;65
12;102.53;299.06;21.69;66
12;102.59;299.87;21.69;67
12;102.59;299.87;21.69;68
12;103.12;299;24.69;69
12;105.76;298.56;21.69;70
12;107.3;297.36;18.69;71
12;107.3;297.36;18.69;72
12;109.67;295.52;15.69;73
12;109.67;295.52;15.69;74
12;109.39;295.56;18.69;75
12;110.23;295.48;15.69;76
12;111.23;293.73;15.69;77
12;112.28;291.85;9.69;78
12;112.53;290.91;6.69;79
12;112.55;291.2;6.69;80
12;112.55;291.2;6.69;81
12;112.16;290.14;9.69;82
12;113.33;289.98;6.69;83
12;112.98;289.14;6.69;84
12;111.77;288.74;9.69;85
12;111.5;289.05;9.69;86
12;111.24;289.35;9.69;87
12;111.53;289.25;6.69;88
12;111.25;289.27;6.69;89
12;111.25;289.27;6.69;90
12;111.56;289.45;3.69;91
12;111.07;290.66;3.69;92
12;107.09;294.58;15.69;93
13;83.33;350;42.69;1
13;83.33;350;42.69;2
13;83.34;343.99;42.69;3
13;83.1;343.23;42.69;4
13;84.1;341.74;42.69;5
13;85.21;342.76;39.69;6
13;83.95;342.74;39.69;7
13;82.11;340.46;42.69;8
13;83.6;339.48;42.69;9
13;85.35;339;42.69;10
13;84.85;338.99;42.69;11
13;83.36;337.72;42.69;12
13;83.36;336.46;42.69;13
13;80.68;338.63;39.69;14
13;80.24;338.82;36.69;15
13;81.36;334.87;33.69;16
13;81.46;334.24;30.69;17
13;83.44;329.61;27.69;18
13;84.51;326.95;27.69;19
13;84.67;325.39;24.69;20
13;84.93;326.74;24.69;21
13;84.57;325.7;21.69;22
13;84.67;323.27;15.69;23
13;84.67;323.27;15.69;24
13;84.67;323.27;15.69;25
13;84.04;322.43;12.69;26
13;83.2;321.58;12.69;27
13;82.64;320.72;12.69;28
13;80.41;319.57;12.69;29
13;78.74;317.3;12.69;30
13;76.95;313.42;15.69;31
13;75.85;310.05;15.69;32
13;74.61;302.89;21.69;33
13;75.42;301.25;21.69;34
13;75.56;299.82;27.69;35
13;75.03;300.09;27.69;36
13;72.92;299.54;27.69;37
13;69.28;300.81;33.69;38
13;63.62;299.47;33.69;39
13;62.2;297.91;36.69;40
13;62.2;297.91;36.69;41
13;61.19;296.35;36.69;42
13;60.93;295.57;36.69;43
13;63.1;293.97;33.69;44
13;64.81;291.26;30.69;45
13;64.39;290.82;33.69;46
13;63.77;289.93;30.69;47
13;64.03;287.81;30.69;48
13;64.03;286.74;30.69;49
13;63.77;286.74;30.69;50
13;63.16;286.34;27.69;51
13;63.16;283.66;27.69;52
13;61.31;282.85;27.69;53
13;60.52;282.85;27.69;54
13;58.68;282.84;27.69;55
13;56.57;283.11;27.69;56
13;54.73;283.91;27.69;57
13;54.73;283.91;27.69;58
13;54.21;284.45;27.69;59
13;54.21;284.45;27.69;60
13;53.5;284.03;24.69;61
13;53.5;284.03;24.69;62
13;52.64;285.52;27.69;63
13;51.59;286.59;27.69;64
13;51.59;287.93;27.69;65
13;51.38;289.18;24.69;66
13;50.38;289.64;21.69;67
13;49.04;291;21.69;68
13;47.15;291.33;24.69;69
13;47.15;291.06;24.69;70
13;46.37;290.72;21.69;71
13;46.37;290.72;21.69;72
13;45.41;290.14;26.1;73
13;43.01;289.96;26.92;74
13;43.81;290.3;29.79;75
13;43.01;290.61;27.85;76
13;41.41;291.01;31.33;77
13;41.41;291.01;31.33;78
13;42.21;290.97;28.71;79
13;42.21;290.97;28.71;80
13;42.21;290.7;28.71;81
13;42.21;290.7;28.71;82
13;42.21;290.7;28.71;83
13;42.21;290.7;28.71;84
13;41.41;290.37;25.89;85
13;40.61;290.04;27.67;86
13;39.81;289.71;24.9;87
13;40.61;290.04;27.67;88
13;39.81;290.77;29.38;89
13;39.01;290.45;26.65;90
13;38.21;290.45;26.6;91
13;38.21;291.08;27.47;92
13;35.81;292.01;23.82;93
14;68.91;145.67;18.69;1
14;68.91;145.67;18.69;2
14;69.01;146.1;15.69;3
14;67.84;145;18.69;4
14;67.66;145.35;15.69;5
14;64.84;145.25;21.69;6
14;64.95;144.96;21.69;7
14;64.46;144.48;21.69;8
14;64.46;144.48;21.69;9
14;64.55;145.16;21.69;10
14;63.57;144.19;21.69;11
14;63.57;144.19;21.69;12
14;63.72;144.63;18.69;13
14;63.38;143.81;21.69;14
14;63.8;142.65;21.69;15
14;63.8;142.65;21.69;16
14;63.7;142.94;21.69;17
14;63.59;143.23;21.69;18
14;63.66;144.87;21.69;19
14;63.39;146.45;18.69;20
14;63.24;146.03;21.69;21
14;64.86;146.93;18.69;22
14;65.14;147.77;12.69;23
14;66.32;147.4;18.69;24
14;67.94;151.82;15.69;25
14;66.96;153.42;12.69;26
14;66.22;154.78;15.69;27
14;65.72;155.26;15.69;28
14;63.46;156.66;6.69;29
14;60.45;156.25;0.69;30
14;61;156.48;6.69;31
14;60.71;156.39;6.69;32
14;64.02;154.72;18.69;33
14;62.19;156.03;15.69;34
14;56.98;153.9;0.69;35
14;57.91;153.9;0.69;36
14;58.1;153.35;0.69;37
14;56.82;152.63;0.69;38
14;52.12;148.59;9.69;39
14;52.93;149.51;3.69;40
14;50.98;148.54;6.69;41
14;50.98;148.54;6.69;42
14;50.98;148.54;6.69;43
14;47.41;153.54;3.69;44
14;47.27;153.53;6.69;45
14;42.79;155.64;0.69;46
14;41.48;155.13;9.69;47
14;42.59;156.18;0.69;48
14;39.87;157.73;0.69;49
14;38.73;160.24;3.69;50
14;39.1;161.46;0.69;51
14;38.12;161.89;3.69;52
14;38.85;162.45;3.69;53
14;38.67;163.46;0.69;54
14;37.23;163.46;3.69;55
14;36.01;164.48;6.69;56
14;35.27;165.07;9.69;57
14;34.66;165.6;6.69;58
14;30.78;171.19;9.69;59
14;29.56;173;12.69;60
14;29.45;173.91;18.69;61
14;27.83;175.33;15.69;62
14;27.83;175.33;15.69;63
14;27.5;176.83;12.69;64
14;27.39;177.11;12.69;65
14;26.86;178.55;12.69;66
14;26.86;178.55;12.69;67
14;26.86;178.55;12.69;68
14;26.86;178.55;12.69;69
14;26.47;176.15;12.69;70
14;26.04;174.71;12.69;71
14;26.89;175;12.69;72
14;27.46;175.2;12.69;73
14;27.89;174.05;12.69;74
14;27.89;174.05;12.69;75
14;28.53;174.91;12.69;76
14;28.36;177.12;12.69;77
14;27.79;176.92;12.69;78
14;27.79;176.92;12.69;79
14;28.61;175.58;12.69;80
14;28.61;175.58;12.69;81
14;28.61;175.58;12.69;82
14;28.93;177.31;12.69;83
14;28.93;177.31;12.69;84
14;29.18;178.37;12.69;85
14;29.18;178.37;12.69;86
14;29.18;178.37;12.69;87
14;29.18;178.37;12.69;88
14;29.18;178.37;12.69;89
14;29.18;178.37;12.69;90
14;29.18;178.37;12.69;91
14;29.67;178.49;9.69;92
14;30.15;178.62;6.69;93
15;50.04;200.41;0.69;1
15;50.32;201.63;0.69;2
15;50.91;201.49;0.69;3
15;49.73;201.78;0.69;4
15;50.92;206.42;0.69;5
15;50.92;206.42;0.69;6
15;50.86;206.69;0.69;7
15;49.83;208.76;0.69;8
15;48.11;207.74;0.69;9
15;48.01;208.15;0.69;10
15;47.92;208.56;0.69;11
15;46.22;208.71;0.69;12
15;46.29;209.6;0.69;13
15;46.98;211.51;0.69;14
15;46.39;211.65;0.69;15
15;48.36;211.57;0.69;16
15;46.55;213.42;0.69;17
15;46.6;213.98;9.69;18
15;48.64;216.8;12.69;19
15;49.3;217.36;9.69;20
15;51.54;223.2;18.69;21
15;51.98;223.94;18.69;22
15;51.98;223.94;18.69;23
15;52.26;224.01;18.69;24
15;52.19;228.32;12.69;25
15;51.54;231.17;12.69;26
15;53.52;234.14;12.69;27
15;52.11;237;9.69;28
15;53.71;238.95;9.69;29
15;53.71;238.95;9.69;30
15;58.89;239.49;9.69;31
15;61.52;239.81;6.69;32
15;63.43;240.45;9.69;33
15;67.95;241.7;9.69;34
15;68;241.32;6.69;35
15;68;241.32;6.69;36
15;71.54;242.1;0.69;37
15;71.54;242.1;0.69;38
15;71.81;242.58;3.69;39
15;67.9;242.56;0.69;40
15;67.84;242.84;0.69;41
15;63.65;242.09;3.69;42
15;63.45;241.61;0.69;43
15;63.92;240.86;0.69;44
15;64.18;241.05;3.69;45
15;64.18;241.05;3.69;46
15;62.76;240.83;0.69;47
15;62.36;241.31;0.69;48
15;62.09;241.23;0.69;49
15;62.09;241.23;0.69;50
15;62.09;241.23;0.69;51
15;62.99;242.37;0.69;52
15;62.99;242.37;0.69;53
15;62.99;242.37;0.69;54
15;64.17;243.58;0.69;55
15;64.12;245.04;0.69;56
15;62.79;247.03;0.69;57
15;62.79;247.03;0.69;58
15;62.6;247.86;0.69;59
15;61.22;248.84;3.69;60
15;59.32;249.56;0.69;61
15;59.26;249.83;0.69;62
15;58.3;248.97;0.69;63
15;58.09;248.61;0.69;64
15;58.09;248.61;0.69;65
15;58.09;248.61;0.69;66
15;57.62;248.18;0.69;67
15;54.66;247.33;0.69;68
15;51.75;248.82;0.69;69
15;51.22;248.67;0.69;70
15;51.22;248.67;0.69;71
15;48.02;246.57;0.69;72
15;48.02;246.57;0.69;73
15;48.02;246.57;0.69;74
15;47.35;245.8;0.69;75
15;46.96;246.26;0.69;76
15;46.17;246.03;0.69;77
15;45.9;245.96;0.69;78
15;44.59;245.58;0.69;79
15;44.59;245.58;0.69;80
15;44.19;244.88;0.69;81
15;43.32;243.76;0.69;82
15;43.32;243.76;0.69;83
15;41.77;244.47;0.69;84
15;41.8;246.79;0.69;85
15;41.8;246.79;0.69;86
15;41.8;246.79;0.69;87
15;40.13;248.03;0.69;88
15;40.13;248.03;0.69;89
15;38.53;249;0.69;90
15;37.63;249.31;0.69;91
15;37.57;249.58;0.69;92
15;37.38;250.39;0.69;93
16;58.21;216.7;26.26;1
16;58.21;217.37;26.99;2
16;58.21;217.37;26.99;3
16;58.21;217.37;26.99;4
16;58.21;217.37;26.99;5
16;58.21;217.37;26.99;6
16;59.01;217.98;26.79;7
16;59.01;217.98;26.79;8
16;59.81;218.9;29.18;9
16;59.01;220.03;28.98;10
16;58.21;220.78;31.83;11
16;59.01;216.2;29.47;12
16;58.21;216.89;33.49;13
16;67.48;214.8;22.05;14
16;66.65;215.6;21.55;15
16;64.54;217.2;28.81;16
16;64.75;217.2;24.26;17
16;64.33;218;27.55;18
16;64.33;218;27.55;19
16;63.92;217.2;28.65;20
16;66.21;216.4;25.86;21
16;66.88;217.2;21.04;22
16;68.94;216.4;17.01;23
16;68.16;217.2;22.32;24
16;67.43;216.4;24.31;25
16;68.07;216.4;25.41;26
16;68.38;216.4;25.49;27
16;68.38;216.4;25.49;28
16;71.62;217.2;17.43;29
16;71.29;217.2;17.35;30
16;69.87;216.4;11.27;31
16;69.67;212.4;9.39;32
16;69.67;212.4;9.39;33
16;69.67;212.4;9.39;34
16;69.34;212.4;10.35;35
16;69.34;212.4;10.35;36
16;69.12;213.2;10.03;37
16;69.12;213.2;10.03;38
16;72.15;216.4;1.44;39
16;71.31;212.4;7.7;40
16;71.31;212.4;7.7;41
16;71.31;212.4;7.7;42
16;70.64;212.4;9.64;43
16;71.21;214;2.91;44
16;72.97;214.8;2.07;45
16;70.02;211.38;9.91;46
16;70.33;210.56;10.3;47
16;70.84;210.03;8.68;48
16;68.67;207.44;5.69;49
16;68.38;207.61;5.27;50
16;68.46;207.54;4.98;51
16;66.84;206.07;6.14;52
16;68.05;204.62;5.51;53
16;68.52;203.76;6.15;54
17;76.61;226.93;33.66;1
17;76.61;227.52;31.21;2
17;76.61;227.52;31.21;3
17;76.61;227.52;31.21;4
17;76.61;227.52;31.21;5
17;76.61;227.52;31.21;6
17;77.41;227.85;29.18;7
17;76.61;228.35;31.88;8
17;76.61;229.19;32.54;9
17;76.61;229.19;32.54;10
17;76.61;229.19;32.54;11
17;76.61;229.19;32.54;12
17;76.61;229.19;32.54;13
17;76.61;228.35;31.88;14
17;78.21;227.72;31.19;15
17;78.21;227.72;31.19;16
17;77.41;227.39;33.2;17
17;77.41;227.26;31.64;18
17;77.41;227.26;31.64;19
17;77.41;227.26;31.64;20
17;77.41;227.26;31.64;21
17;77.41;227.26;31.64;22
17;76.61;226.93;33.66;23
17;76.61;226.93;33.66;24
17;77.41;227.26;31.64;25
17;76.61;227.23;32.44;26
17;75.81;227.73;35.12;27
17;76.61;228.48;33.44;28
17;76.61;228.48;33.44;29
17;76.61;228.48;33.44;30
17;75.81;228.14;35.45;31
17;76.61;228.48;33.44;32
17;76.61;228.89;33.77;33
17;77.41;229.23;31.75;34
17;77.41;229.23;31.75;35
17;77.41;229.23;31.75;36
17;76.61;229.31;34.1;37
17;75.81;228.97;36.11;38
17;75.81;228.97;36.11;39
17;78.21;229.22;35.29;40
17;77.41;228.88;37.27;41
17;77.41;228.88;37.27;42
17;77.41;228.88;37.27;43
17;77.41;228.88;37.27;44
17;78.21;229.22;35.29;45
17;78.21;229.22;35.29;46
17;78.21;229.22;35.29;47
17;78.21;229.22;35.29;48
17;78.21;229.22;35.29;49
17;78.21;229.22;35.29;50
17;78.21;229.22;35.29;51
17;78.21;229.22;35.29;52
17;78.21;229.22;35.29;53
17;78.21;229.22;35.29;54
17;78.21;229.22;35.29;55
17;78.21;229.22;35.29;56
17;78.21;229.22;35.29;57
17;78.21;229.22;35.29;58
17;78.21;229.22;35.29;59
17;78.21;229.22;35.29;60
17;78.21;229.22;35.29;61
17;79.01;229.55;33.3;62
17;78.21;229.22;35.29;63
17;78.21;229.22;35.29;64
17;78.21;229.22;35.29;65
17;79.01;229.55;33.3;66
17;78.21;229.22;35.29;67
17;78.21;229.22;35.29;68
17;78.21;229.22;35.29;69
17;78.21;229.22;35.29;70
17;79.01;229.55;33.3;71
17;78.21;229.22;35.29;72
17;78.21;229.22;35.29;73
17;78.21;229.22;35.29;74
17;78.21;229.22;35.29;75
17;78.21;229.22;35.29;76
17;79.01;228.96;35.71;77
17;79.01;228.96;35.71;78
17;79.81;229.3;33.73;79
17;79.81;229.3;33.73;80
17;79.01;228.96;35.71;81
17;79.81;229.42;35.27;82
17;79.01;229.09;37.24;83
17;79.01;229.92;37.89;84
17;78.21;230.17;37.47;85
17;78.21;230.17;37.47;86
17;77.41;229.83;39.45;87
17;78.21;230.17;37.47;88
17;78.21;230.17;37.47;89
17;79.01;230.51;35.49;90
17;80.61;231.18;31.54;91
17;80.61;232.02;32.2;92
17;80.61;233.46;30.43;93
18;59.29;80.32;9.69;1
18;59.49;81.67;6.69;2
18;59.49;81.67;6.69;3
18;59.49;81.67;6.69;4
18;59.49;81.67;6.69;5
18;58.96;82.55;6.69;6
18;58.21;82.26;6.69;7
18;56.39;81.34;9.69;8
18;55.64;81.68;9.69;9
18;55.74;82.57;9.69;10
18;55.92;83.31;6.69;11
18;55.06;84.43;9.69;12
18;55.06;84.43;9.69;13
18;54.43;85.03;9.69;14
18;54.18;85.15;9.69;15
18;53.93;85.26;9.69;16
18;53.28;86.49;9.69;17
18;53.39;86.75;9.69;18
18;53.86;87.78;9.69;19
18;54.41;88.08;6.69;20
18;53.58;89.16;9.69;21
18;53.58;89.16;9.69;22
18;53.74;89.95;6.69;23
18;53.48;90.07;6.69;24
18;53.48;90.07;6.69;25
18;53.48;90.07;6.69;26
18;54.19;91.64;6.69;27
18;53.8;92.13;6.69;28
18;52.76;92.01;9.69;29
18;52.79;92.58;6.69;30
18;52.79;92.58;6.69;31
18;52.04;92.91;6.69;32
18;51.49;93.2;9.69;33
18;51.49;93.2;9.69;34
18;51.73;94.93;6.69;35
18;51.97;95.46;6.69;36
18;52.67;97.04;6.69;37
18;51.35;98.24;9.69;38
18;50.95;99.35;9.69;39
18;50.95;99.35;9.69;40
18;50.82;99.72;9.69;41
18;50.7;99.46;9.69;42
18;51.47;98.5;9.69;43
18;52.25;98.8;6.69;44
18;51.18;99.87;9.69;45
18;51.32;99.5;9.69;46
18;50.55;100.46;9.69;47
18;50.55;100.46;9.69;48
18;50.21;99.67;9.69;49
18;50.21;99.67;9.69;50
18;50.21;99.67;9.69;51
18;50.59;99.19;9.69;52
18;49.76;98;9.69;53
18;49.52;98.11;9.69;54
18;48.76;97.81;12.69;55
18;50.36;98.67;9.69;56
18;50.87;99.08;6.69;57
18;50.36;98.67;9.69;58
18;51.11;99.61;6.69;59
18;50.76;98.82;6.69;60
18;49.64;99;6.69;61
18;47.64;99.87;6.69;62
18;47.39;99.97;9.69;63
18;46.18;99.89;9.69;64
18;44.69;100.55;6.69;65
18;44.58;100.9;9.69;66
18;44.09;101.11;9.69;67
18;43.06;102.2;6.69;68
18;43.06;102.2;6.69;69
18;42.81;102.3;6.69;70
18;43.24;102.75;3.69;71
18;39.59;103.39;9.69;72
18;38.63;102.27;12.69;73
18;38.35;102.72;6.69;74
18;38.73;103.17;3.69;75
18;37.64;103.34;3.69;76
18;34.82;106.56;10.17;77
18;35.1;107.14;10.64;78
18;35.58;106.83;10.25;79
18;37.9;107.83;12.49;80
18;38.35;107.64;8.66;81
18;35.98;109.48;21.81;82
18;34.65;109.25;22.09;83
18;33.99;109.6;21.69;84
18;34.02;109.83;21.69;85
18;35.37;108.92;21.69;86
18;35.15;108.74;21.69;87
18;34.21;109.21;21.69;88
18;34.06;110.32;21.69;89
18;36.6;109.66;21.69;90
18;36.25;109.58;18.69;91
19;159.01;75.58;16.3;1
19;159.81;75.66;14.59;2
19;161.41;74.08;9.09;3
19;160.61;70.9;12.58;4
19;161.41;71.66;11.71;5
19;161.41;71.66;11.71;6
19;162.21;71.46;12.97;7
19;162.21;70.08;18.8;8
19;162.21;70.08;18.8;9
19;162.21;70.08;18.8;10
19;162.21;70.47;17.15;11
19;162.21;70.47;17.15;12
19;163.01;70.52;15.48;13
19;164.61;71.73;18.7;14
19;164.61;70.94;21.93;15
19;164.61;70.94;21.93;16
19;165.41;71.49;21.9;17
19;165.41;71.49;21.9;18
19;165.41;71.49;21.9;19
19;164.61;71.43;23.51;20
19;164.61;71.43;23.51;21
19;168.61;71.97;26.89;22
19;168.61;71.97;26.89;23
19;168.61;71.38;29.19;24
19;170.21;70.68;31.04;25
19;171.81;71.12;28.34;26
19;172.61;68.13;30.25;27
19;174.21;68.15;30.96;28
19;175.01;68.91;28.33;29
19;175.01;69.94;29.43;30
19;175.81;68.13;33.5;31
19;176.61;68.36;31.28;32
19;178.21;69.14;29.06;33
19;179.81;68.84;27.6;34
19;180.61;68.47;29.45;35
19;181.41;69.67;31.98;36
19;183.81;68.97;34.15;37
19;187.01;69.54;35.24;38
19;187.01;69.54;35.24;39
19;187.01;69.54;35.24;40
19;188.61;69.63;32.47;41
19;187.81;68.33;35.26;42
19;187.81;68.14;35.96;43
19;187.81;69.05;34.21;44
19;188.61;69.1;32.83;45
19;189.41;69.14;31.45;46
19;188.61;68.05;31.78;47
19;189.41;66.17;27.56;48
19;188.61;66.52;27.51;49
19;188.61;66.54;25.71;50
19;187.81;67.24;26.02;51
19;188.61;67.27;24.61;52
19;188.61;67.27;24.61;53
19;191.01;68.18;15.5;54
19;185.41;72.74;19.16;55
19;182.21;74.71;11.58;56
19;182.21;74.65;13.54;57
19;182.21;74.65;13.54;58
19;179.81;74.66;17.29;59
19;175.81;74.32;24.86;60
19;176.61;74.79;21.81;61
19;177.41;76.52;19.11;62
19;177.41;76.39;22.95;63
19;175.01;75.55;29.73;64
19;173.41;75.01;34.2;65
19;171.81;76.26;32.02;66
19;171.01;76.25;31.67;67
19;167.01;76.92;33.72;68
19;164.61;76.1;30.84;69
19;162.21;76.25;34.06;70
19;155.81;78.09;30.72;71
19;155.81;80.13;31.07;72
19;155.01;80.44;31.15;73
19;155.01;80.65;30.35;74
19;153.41;80.44;33.7;75
19;154.21;80.97;30.42;76
19;154.21;80.97;30.42;77
19;152.61;80.75;33.79;78
19;151.81;79.88;33.52;79
19;150.21;83.05;30.44;80
19;150.21;83.05;30.44;81
19;149.41;83.68;30.93;82
19;149.41;84.01;28.06;83
19;149.41;83.58;29.71;84
19;149.41;83.58;29.71;85
19;149.41;87.18;24.23;86
19;147.01;91.18;22.7;87
19;147.81;92.86;21.71;88
19;147.81;94.79;19.51;89
19;147.81;93.89;24.23;90
19;148.61;94.07;22.45;91
19;147.01;93.39;25.61;92
19;150.21;99.54;20.87;93
20;327.81;41.42;12.37;1
20;328.61;42.43;11.41;2
20;329.41;43.5;12.06;3
20;328.61;43.54;13.03;4
20;327.81;46.57;16.25;5
20;328.61;46.92;14.02;6
20;328.61;47.12;13.39;7
20;329.41;47.09;12.42;8
20;329.41;48.3;10.19;9
20;330.21;49.56;10.2;10
20;329.41;49.78;10.53;11
20;330.21;52.28;8.29;12
20;330.21;53.53;6.02;13
20;330.21;55.68;7.68;14
20;330.21;56.75;7.69;15
20;331.01;56.95;6.06;16
20;331.01;56.95;6.06;17
20;331.01;58.23;5.42;18
20;331.01;58.23;5.42;19
20;331.81;58.23;4.44;20
20;331.81;58.23;4.44;21
20;332.61;58.23;3.47;22
20;332.61;58.23;3.47;23
20;331.81;60.16;3.48;24
20;329.41;65.72;4.16;25
20;330.21;66.17;3.51;26
20;330.21;67.49;1.2;27
20;330.21;68.14;0.87;28
20;329.41;69;0.86;29
20;324.61;69.94;3.51;30
20;323.81;70.39;1.49;31
20;323.81;71.04;1.16;32
20;323.81;71.04;1.16;33
20;323.81;70.62;0.82;34
20;322.21;70.16;0.81;35
20;319.81;68.37;2.49;36
20;319.81;67.73;2.82;37
20;319.81;69.42;4.19;38
20;320.61;70.52;3.18;39
20;320.61;70.97;1.83;40
20;321.41;71;0.81;41
20;319.81;70.54;0.81;42
20;319.01;70.51;1.84;43
20;317.41;70.44;3.89;44
20;317.41;70.44;3.89;45
20;317.41;70.67;3.21;46
20;315.81;69.17;1.52;47
20;315.01;68.1;0.84;48
20;311.01;63.11;8.03;49
20;311.81;62.49;7.33;50
20;311.81;62.49;7.33;51
20;311.81;62.08;3.6;52
20;307.01;62.23;2.39;53
20;304.61;62.63;0.76;54
20;296.61;64;1.53;55
20;296.61;64;1.53;56
20;296.61;62.32;1.88;57
20;294.21;61.45;4.5;58
20;293.41;60.2;4.55;59
20;290.21;60.37;1.27;60
20;287.81;58.48;2.18;61
20;283.01;56;6.92;62
20;283.81;55.8;6.47;63
20;286.21;57.44;4.46;64
20;285.41;57.64;4.9;65
20;278.21;55.92;1.36;66
20;275.01;57.33;1.01;67
20;273.41;57.52;0.85;68
20;271.81;54.47;3.27;69
20;272.61;55.48;2.06;70
20;270.21;54.64;1.28;71
20;268.61;52.38;0.77;72
20;263.81;51.58;1.89;73
20;259.01;52.16;1.57;74
20;256.61;49.14;1.64;75
20;253.41;48.94;1.88;76
20;247.01;47.67;6.33;77
20;247.01;48.02;4.79;78
20;247.01;47.92;0.91;79
20;246.21;47.96;2.26;80
20;243.81;46.45;4.78;81
20;239.81;45.68;5;82
20;232.61;47.56;1.74;83
20;227.81;47.18;1.92;84
20;224.61;46.61;2.09;85
20;224.61;44.83;1.29;86
20;222.21;45.02;0.81;87
20;221.41;44.84;1.08;88
20;220.61;44.49;2.18;89
20;220.61;44.09;1.77;90
20;218.21;44.09;7.17;91
20;217.41;44.14;8.69;92
20;218.21;45.38;5.49;93
21;171.81;31.79;16.4;1
21;171.01;31.16;17.42;2
21;171.81;31.02;15.49;3
21;171.81;31.02;15.49;4
21;171.81;31.02;15.49;5
21;171.01;31.16;17.42;6
21;171.01;31.16;17.42;7
21;171.01;31.16;17.42;8
21;171.01;31.16;17.42;9
21;171.01;31.16;17.42;10
21;174.21;31.68;15.3;11
21;173.41;31.04;16.31;12
21;172.61;29.8;18.72;13
21;172.61;29.57;20.57;14
21;173.41;29.42;18.67;15
21;174.21;29.28;16.77;16
21;174.21;29.28;16.77;17
21;174.21;30.43;18.12;18
21;175.01;30.29;16.23;19
21;175.81;30.03;15.27;20
21;176.61;28.38;14.82;21
21;176.61;28.38;14.82;22
21;176.61;27.87;15.29;23
21;176.61;27.76;16.22;24
21;176.61;27.65;17.14;25
21;177.41;27.49;15.27;26
21;177.41;27.49;15.27;27
21;177.41;27.49;15.27;28
21;177.41;27.49;15.27;29
21;177.41;27.49;15.27;30
21;177.41;27.49;15.27;31
21;177.41;27.49;15.27;32
21;177.41;27.49;15.27;33
21;177.41;27.49;15.27;34
21;177.41;27.49;15.27;35
21;177.41;27.49;15.27;36
21;177.41;27.49;15.27;37
21;177.41;27.49;15.27;38
21;178.21;27.34;13.4;39
21;177.41;27.1;14.82;40
21;176.61;24.17;20.42;41
21;175.81;24.34;22.27;42
21;176.61;24.27;19.51;43
21;176.61;24.77;19.04;44
21;176.61;25.16;19.48;45
21;177.41;25.49;17.16;46
21;176.61;25.65;19.02;47
21;177.41;25.49;17.16;48
21;177.41;25.49;17.16;49
21;177.41;25.49;17.16;50
21;176.61;25.65;19.02;51
21;176.61;25.65;19.02;52
21;176.61;25.65;19.02;53
21;176.61;25.65;19.02;54
21;176.61;25.87;17.19;55
21;176.61;25.87;17.19;56
21;175.81;26.03;19.06;57
21;175.01;25.8;20.49;58
21;175.01;25.03;19.6;59
21;175.01;25.14;18.69;60
21;175.01;25.14;18.69;61
21;175.01;25.14;18.69;62
21;175.81;24.97;16.81;63
21;175.81;24.97;16.81;64
21;175.81;24.97;16.81;65
21;175.01;23.97;17.35;66
21;175.01;24.36;17.8;67
21;175.81;24.86;17.73;68
21;175.81;24.86;17.73;69
21;175.01;25.03;19.6;70
21;175.81;24.86;17.73;71
21;175.81;24.86;17.73;72
21;176.61;27.2;20.77;73
21;175.81;26.59;21.75;74
21;175.81;25.43;20.44;75
21;175.81;25.43;20.44;76
21;175.01;25.59;22.3;77
21;175.81;25.43;20.44;78
21;176.61;25.26;18.58;79
21;175.81;25.81;20.87;80
21;175.81;25.81;20.87;81
21;176.61;25.65;19.02;82
21;175.81;26.42;19.5;83
21;175.81;26.42;19.5;84
21;175.01;26.58;21.37;85
21;175.81;27.3;19.47;86
21;176.61;27.15;17.61;87
21;176.61;27.15;17.61;88
21;176.61;27.15;17.61;89
21;176.61;27.15;17.61;90
21;176.61;27.15;17.61;91
21;177.41;26.99;15.74;92
21;178.21;26.84;13.88;93
22;189.41;35.1;41.7;1
22;189.41;35.1;41.7;2
22;189.41;35.1;41.7;3
22;189.41;35.1;41.7;4
22;189.41;34.73;41.32;5
22;188.61;34.48;42.56;6
22;188.61;34.48;42.56;7
22;188.61;34.24;41.4;8
22;188.61;34.24;41.4;9
22;188.61;34.24;41.4;10
22;188.61;35.33;42.54;11
22;188.61;35.33;42.54;12
22;188.61;35.33;42.54;13
22;188.61;35.33;42.54;14
22;188.61;35.33;42.54;15
22;188.61;35.33;42.54;16
22;188.61;35.33;42.54;17
22;188.61;35.33;42.54;18
22;188.61;35.33;42.54;19
22;188.61;35.33;42.54;20
22;188.61;35.33;42.54;21
22;189.41;35.59;41.31;22
22;189.41;35.59;41.31;23
22;189.41;35.59;41.31;24
22;189.41;35.59;41.31;25
22;189.41;35.59;41.31;26
22;189.41;35.59;41.31;27
22;189.41;35.59;41.31;28
22;189.41;35.95;41.69;29
22;190.21;36.45;41.62;30
22;190.21;36.45;41.62;31
22;190.21;36.45;41.62;32
22;190.21;36.45;41.62;33
22;190.21;36.45;41.62;34
22;190.21;37.67;41.98;35
22;190.21;37.67;41.98;36
22;190.21;37.67;41.98;37
22;190.21;37.67;41.98;38
22;188.61;37.53;42.11;39
22;189.41;36.83;38.94;40
22;188.61;36.93;40.56;41
22;187.81;35.98;35.48;42
22;187.81;36.11;34.68;43
22;188.61;36.83;38.6;44
22;188.61;36.67;42.13;45
22;188.61;37.66;41.33;46
22;189.41;37.56;39.71;47
22;188.61;37.66;41.33;48
22;189.41;37.7;38.92;49
22;189.41;37.7;38.92;50
22;189.41;37.96;37.33;51
22;189.41;37.96;37.33;52
22;189.41;37.96;37.33;53
22;189.41;41.84;34.86;54
22;185.41;43.21;42.28;55
22;189.41;42.86;34.04;56
22;189.41;42.86;34.04;57
22;190.21;42.87;34.4;58
22;189.41;39.06;38.5;59
22;188.61;38.28;40.14;60
22;189.41;38.19;38.51;61
22;189.41;38.92;39.29;62
22;190.21;38.83;37.66;63
22;189.41;38.92;39.29;64
22;189.41;38.92;39.29;65
22;190.21;38.83;37.66;66
22;187.81;39.1;42.54;67
22;188.61;39.5;40.51;68
22;187.81;40.58;41.34;69
22;189.41;41.56;36.47;70
22;189.41;41.56;36.47;71
22;189.41;41.2;36.07;72
22;188.61;41.83;34.5;73
22;188.61;42.34;34.09;74
22;188.61;42.85;33.68;75
22;188.61;43.58;34.47;76
22;184.61;45.9;41.12;77
22;186.21;45.07;37.01;78
22;183.81;44.9;41.62;79
22;184.61;44.84;39.95;80
22;183.81;44.9;41.62;81
22;183.81;44.9;41.62;82
22;185.41;46.06;40.64;83
22;185.41;45.64;38.26;84
22;184.61;45.69;39.93;85
22;186.21;47.4;33.71;86
22;186.21;47.55;32.89;87
22;185.41;47.6;34.58;88
22;186.21;47.55;32.89;89
22;185.41;48.32;35.38;90
22;186.21;48.27;33.69;91
22;187.01;49.51;34.43;92
22;187.01;50.86;31.95;93
23;417.11;327.6;19.18;1
23;417.11;327.6;19.18;2
23;416.82;326.8;17.13;3
23;417.11;327.6;19.18;4
23;417.11;327.6;19.18;5
23;417.11;327.6;19.18;6
23;417.13;327.6;18.05;7
23;415.85;327.6;13.4;8
23;414.13;329.2;16.28;9
23;414.13;329.2;16.28;10
23;414.19;330;17.5;11
23;414.58;329.2;16.72;12
23;414.58;329.2;16.72;13
23;414.58;329.2;16.72;14
23;414.85;330;18.72;15
23;414.79;329.2;17.5;16
23;414.25;330.8;18.72;17
23;413.59;330.8;17.5;18
23;413.85;331.6;19.48;19
23;413.59;330.8;17.5;20
23;413.59;330.8;17.5;21
23;413.85;331.6;19.48;22
23;415.05;331.6;18.95;23
23;413.94;332.4;19.58;24
23;414.69;332.4;18.61;25
23;414.01;331.6;15.13;26
23;412.53;331.6;17.05;27
23;412.48;330.8;15.84;28
23;412.74;331.6;17.81;29
23;412.99;332.4;19.78;30
23;413.25;333.2;21.75;31
23;415.39;332.4;18.73;32
23;416.01;333.2;17.11;33
23;416.01;333.2;17.11;34
23;415.74;332.4;15.17;35
23;415.74;332.4;15.17;36
23;414.31;332.4;16;37
23;412.76;332.4;13.94;38
23;412.36;333.2;14.69;39
23;411.67;332.4;12.33;40
23;411.07;333.2;12.34;41
23;410.87;334;13.82;42
23;410.84;335.6;18.25;43
23;410.44;335.6;16.76;44
23;410.05;335.6;15.27;45
23;410.05;335.6;15.27;46
23;410.05;335.6;15.27;47
23;410.28;336.4;17.16;48
23;410.28;336.4;17.16;49
23;410.05;335.6;15.27;50
23;410.44;335.6;16.76;51
23;410.44;335.6;16.76;52
23;410.44;335.6;16.76;53
23;410.44;335.6;16.76;54
23;410.67;336.4;18.65;55
23;410.53;336.4;16.84;56
23;410.76;337.2;18.73;57
23;411.97;337.2;18.23;58
23;413.13;338;20.98;59
23;413.58;338;21.42;60
23;414.85;338.8;22.04;61
23;418.5;340.4;25.99;62
23;419.28;341.2;27.23;63
23;419.51;340.4;24.71;64
23;420.11;341.2;24.12;65
23;420.39;342;25.98;66
23;419.48;342;24.03;67
23;419.54;342.8;25.13;68
23;419.81;343.6;26.97;69
23;419.41;346;31.94;70
23;419.41;346;31.94;71
23;419.68;346.8;33.78;72
23;420.46;346.8;32.81;73
23;420.62;347.6;30.64;74
23;420.62;347.6;30.64;75
23;420.4;347.6;29.88;76
23;420.4;347.6;29.88;77
23;420.4;347.6;29.88;78
23;420.4;347.6;29.88;79
23;419.97;347.6;28.38;80
23;420.01;348.4;29.43;81
23;419.28;348.4;29.31;82
23;419.28;348.4;29.31;83
23;419.01;347.6;27.51;84
23;420.05;348.4;28.38;85
23;420.05;348.4;28.38;86
23;419.79;347.6;26.59;87
23;419.49;347.6;27.95;88
23;419.71;348.4;30.81;89
23;419.45;347.6;29.01;90
23;419.45;347.6;29.01;91
23;419.06;349.2;24.7;92
23;419.75;350;22.07;93
24;13.62;264.74;42.69;1
24;15.9;265.13;39.69;2
24;17.2;266.87;39.69;3
24;17.2;266.87;39.69;4
24;19.21;268.18;42.69;5
24;20.84;269.02;36.69;6
24;23.95;263.88;42.69;7
24;26.1;267.32;42.69;8
24;28.25;265.6;42.69;9
24;30.41;269.91;42.69;10
24;32.56;267.75;42.69;11
24;31.07;269.47;39.69;12
24;31.7;268.18;42.69;13
24;30.45;269.02;36.69;14
24;31.7;268.18;42.69;15
24;32.13;268.62;42.69;16
24;30.41;267.32;42.69;17
24;30.41;267.32;42.69;18
24;30.41;267.32;42.69;19
24;30.41;266.89;42.69;20
24;30.41;266.46;42.69;21
24;32.56;266.46;42.69;22
24;34.28;267.32;42.69;23
24;33.85;268.62;42.69;24
24;33.42;269.05;42.69;25
24;35.14;270.77;42.69;26
24;34.54;269.47;39.69;27
24;34.11;269.47;39.69;28
24;33.5;269.89;36.69;29
24;33.5;269.89;36.69;30
24;34.11;269.47;39.69;31
24;34.11;269.47;39.69;32
24;34.71;269.05;42.69;33
24;34.71;269.05;42.69;34
24;34.71;269.05;42.69;35
24;34.71;269.05;42.69;36
24;34.71;269.05;42.69;37
24;35.83;268.96;30.69;38
24;35.25;268.14;36.69;39
24;34.22;268.11;33.69;40
24;35.41;267.3;39.69;41
24;34.97;266.65;39.69;42
24;34.54;266;39.69;43
24;35.14;266.89;42.69;44
24;36.86;266.46;42.69;45
24;36.86;266.46;42.69;46
24;36.86;266.46;42.69;47
24;36.43;266.03;42.69;48
24;33.67;267.3;39.69;49
24;33.85;267.75;42.69;50
24;33.85;267.75;42.69;51
24;33.85;267.75;42.69;52
24;33.85;267.75;42.69;53
24;33.85;267.75;42.69;54
24;34.71;267.75;42.69;55
24;35.14;268.18;42.69;56
24;36;268.18;42.69;57
24;36;268.18;42.69;58
24;34.71;267.32;42.69;59
24;33.85;266.89;42.69;60
24;34.11;267.3;39.69;61
24;34.11;267.3;39.69;62
24;35.57;268.18;42.69;63
24;33.42;267.32;42.69;64
24;33.85;266.89;42.69;65
24;34.28;267.32;42.69;66
24;34.28;266.03;42.69;67
24;33.24;266.87;39.69;68
24;33.85;266.89;42.69;69
24;33.85;266.89;42.69;70
24;33.85;265.6;42.69;71
24;34.71;265.6;42.69;72
24;32.99;267.32;42.69;73
24;32.99;267.32;42.69;74
24;36;266.46;42.69;75
24;36;266.89;42.69;76
24;35.57;266.89;42.69;77
24;35.14;267.32;42.69;78
24;34.71;269.05;42.69;79
24;34.71;268.62;42.69;80
24;35.14;268.18;42.69;81
24;34.54;268.6;39.69;82
24;35.14;268.18;42.69;83
24;34.71;269.91;42.69;84
24;32.56;269.48;42.69;85
24;32.56;269.48;42.69;86
24;35.14;269.91;42.69;87
24;33.42;269.48;42.69;88
25;180.09;3.41;33.69;1
25;179.91;3.64;30.69;2
25;179.91;3.64;30.69;3
25;180.09;3.41;33.69;4
25;180.09;3.41;33.69;5
25;180.09;3.41;33.69;6
25;179.91;3.64;30.69;7
25;180.09;3.41;33.69;8
25;181.62;4.43;33.69;9
25;181.28;4.91;27.69;10
25;181.45;4.67;30.69;11
25;181.45;4.67;30.69;12
25;181.45;4.67;30.69;13
25;181.45;4.67;30.69;14
25;181.45;4.67;30.69;15
25;181.11;5.14;24.69;16
25;181.25;4.17;27.69;17
25;181.08;4.4;24.69;18
25;181.08;4.4;24.69;19
25;181.25;4.17;27.69;20
25;181.42;3.94;30.69;21
25;180.84;3.45;27.69;22
25;180.84;3.45;27.69;23
25;180.84;3.45;27.69;24
25;180.84;3.45;27.69;25
25;178.24;4.68;27.69;26
25;178.38;2.98;30.69;27
25;179.13;2.95;30.69;28
25;179.13;2.95;30.69;29
25;179.13;2.95;30.69;30
25;179.13;2.95;30.69;31
25;179.13;2.95;30.69;32
25;179.13;2.95;30.69;33
25;179.13;2.95;30.69;34
25;179.13;2.95;30.69;35
25;179.13;2.95;30.69;36
25;179.13;2.95;30.69;37
25;179.13;2.95;30.69;38
25;179.13;2.95;30.69;39
25;179.13;2.95;30.69;40
25;179.13;2.95;30.69;41
25;179.13;2.95;30.69;42
25;179.13;2.95;30.69;43
25;179.13;2.95;30.69;44
25;178.94;3.17;27.69;45
25;179.5;2.93;30.69;46
25;179.5;2.93;30.69;47
25;179.5;2.75;30.69;48
25;179.49;2.56;30.69;49
25;179.28;1.64;33.69;50
25;179.28;1.64;33.69;51
25;179.16;3.68;30.69;52
25;178.75;2.96;30.69;53
25;178.19;2.41;33.69;54
25;178.37;2.62;30.69;55
25;179.5;2.93;30.69;56
25;179.69;2.71;33.69;57
25;179.53;3.66;30.69;58
25;179.53;3.66;30.69;59
25;179.53;3.66;30.69;60
25;179.72;3.43;33.69;61
25;179.53;3.66;30.69;62
25;179.53;3.66;30.69;63
25;179.53;3.66;30.69;64
25;179.53;3.66;30.69;65
25;179.53;3.66;30.69;66
25;179.53;3.66;30.69;67
25;179.53;3.66;30.69;68
25;179.53;3.66;30.69;69
25;179.72;3.43;33.69;70
25;179.53;3.66;30.69;71
25;179.72;3.43;33.69;72
25;179.53;3.66;30.69;73
25;179.53;3.66;30.69;74
25;179.72;3.43;33.69;75
25;179.91;3.2;36.69;76
25;179.72;3.43;33.69;77
25;179.53;3.66;30.69;78
25;179.53;3.66;30.69;79
25;179.53;3.66;30.69;80
25;179.53;3.66;30.69;81
25;179.53;3.66;30.69;82
25;179.53;3.66;30.69;83
25;179.72;3.43;33.69;84
25;179.72;3.43;33.69;85
25;179.72;3.43;33.69;86
25;179.53;3.66;30.69;87
25;179.54;3.22;36.69;88
25;179.54;3.22;36.69;89
25;179.54;3.22;36.69;90
25;179.54;3.22;36.69;91
25;179.35;3.45;33.69;92
25;183;5.7;30.69;93
26;42.92;174.49;10.6;1
26;42.56;174.47;11.02;2
26;42.18;174.7;10.58;3
26;41.92;175.17;10.04;4
26;41.32;175.18;9.88;5
26;40.85;175.44;9.58;6
26;40.45;175.68;9.36;7
26;40.1;175.7;9.5;8
26;39.52;176.1;9.43;9
26;39.03;176.13;9.01;10
26;38.64;176.02;8.77;11
26;38.17;176.44;8.91;12
26;37.65;176.46;9.5;13
26;37.19;176.7;9.96;14
26;36.46;177.46;10.01;15
26;35.24;178.06;10.56;16
26;34.26;178.13;10.92;17
26;33.45;178.65;10.83;18
26;32.58;178.98;11.17;19
26;31.51;179.25;12.3;20
26;30.4;179.69;12.8;21
26;29.52;179.54;12.86;22
26;28.6;179.39;13.03;23
26;28.03;179.55;13.57;24
26;27.27;179.76;13.52;25
26;26.65;179.6;13.57;26
26;26.37;179.52;13.79;27
26;26.69;179.6;13.76;28
26;26.95;179.38;13.3;29
26;26.89;179.07;13.34;30
26;26.57;179.2;14.11;31
26;26.44;179.1;14.2;32
26;26.44;179.02;14.15;33
26;26.39;179.13;14.04;34
26;26.04;179.16;14.56;35
26;25.99;179.46;14.93;36
26;25.54;179.34;14.54;37
26;25.17;179.21;15.74;38
26;24.77;179.08;15.66;39
26;24.72;179.32;15.31;40
26;24.53;179.34;15.25;41
26;23.92;179.57;15.33;42
26;23.05;179.72;15.72;43
26;22.71;180.27;16.05;44
26;22.5;180.74;16;45
26;22.25;181.04;15.86;46
26;22.08;180.97;15.87;47
26;21.55;180.68;16.37;48
26;21.39;180.5;16.34;49
26;21.28;180.57;16.56;50
26;21.49;180.73;16.89;51
26;21.26;180.92;16.39;52
26;21.12;180.94;15.4;53
26;20.89;181.56;15.23;54
26;20.55;181.74;14.99;55
26;20.23;181.9;14.43;56
26;19.39;182.04;13.97;57
26;22.22;179.73;13.62;58
26;22.01;180.29;13.85;59
26;22.46;180.1;14.36;60
26;22.94;180.11;14.29;61
26;22.25;180.22;14.11;62
26;22.15;180.62;14.83;63
26;22.14;180.93;14.86;64
26;22.06;181.37;14.77;65
26;21.89;181.48;15.22;66
26;21.76;181.03;15.12;67
26;20.91;180.88;17.15;68
26;20.69;180.33;15.55;69
26;20.29;180.01;17.09;70
26;19.92;179.94;17.1;71
26;20.9;179.72;17.06;72
26;21.07;179.71;17.31;73
26;21.39;179.79;17.02;74
26;21.68;180.4;17.45;75
26;21.75;180.87;16.26;76
26;21.77;181.02;15.96;77
26;21.24;180.98;17.78;78
26;22.27;181.01;16.92;79
26;22.39;180.71;16.82;80
26;22.57;181.15;16.81;81
26;22.55;182.05;16.99;82
26;22.03;182.15;17.39;83
26;22.38;182.12;16.91;84
26;22.38;182.11;17.59;85
26;22.93;182.37;17.16;86
26;22.78;182.63;16.8;87
26;22.68;182.82;17.2;88
26;23.36;183.42;16.53;89
26;23.72;183.07;16.93;90
26;23.21;183.77;16.85;91
26;23.06;184.31;17.45;92
26;23.76;185.08;13.5;93
27;59.14;101.2;42.69;8
27;57.56;103.89;42.69;9
27;57.78;103.16;42.69;10
27;56.83;101.26;42.69;11
27;56.37;101.51;42.69;12
27;53.86;103.5;42.69;13
27;53.86;98.7;39.69;14
27;52.94;99.2;39.69;15
27;54.88;99.41;36.69;16
27;54.1;99.17;39.69;17
27;55.06;101.08;39.69;18
27;56.39;102.71;42.69;19
27;56.17;103.44;42.69;20
27;55;102.27;42.69;21
27;54.54;102.52;42.69;22
27;54.32;103.25;42.69;23
27;58.15;106.08;39.69;24
27;58.37;107.41;33.69;25
27;58.26;107.35;36.69;26
27;58.63;107.04;39.69;27
27;56.98;106.11;39.69;28
27;57.35;101.81;33.69;29
27;58.55;103;33.69;30
27;59.95;102.23;33.69;31
27;60.41;101.97;33.69;32
27;60.41;101.97;33.69;33
27;61.26;102.23;30.69;34
27;61.64;102.75;27.69;35
27;60.61;100.67;33.73;36
27;62.21;102.64;31.25;37
27;62.21;102.64;31.25;38
27;62.21;102.87;30.29;39
27;62.21;102.87;30.29;40
27;62.21;102.87;30.29;41
27;62.21;102.62;29.83;42
27;62.21;101.38;27.51;43
27;60.61;103.44;29.24;44
27;59.81;106.47;19.23;45
27;60.61;105.8;22.16;46
27;61.41;106.34;18.4;47
27;60.61;106.77;14.89;48
27;58.21;107.1;8.24;49
27;58.21;107.1;8.24;50
27;59.01;108.19;1.87;51
27;59.01;108.19;1.87;52
27;58.21;108.66;1.33;53
27;56.61;108.01;7.29;54
27;58.21;108.66;1.33;55
27;58.21;108.66;1.33;56
27;57.41;108.33;4.31;57
27;56.61;108.01;7.29;58
27;56.61;108.01;7.29;59
27;56.61;108.01;7.29;60
27;58.21;109.18;0.71;61
27;55.81;108.43;10.21;62
27;55.01;108.1;13.2;63
27;54.54;108.42;12.69;64
27;53.5;109.55;9.69;65
27;51.94;108.86;15.69;66
27;53;111.61;9.69;67
27;52.7;111.74;9.69;68
27;52.39;111.87;9.69;69
27;53.16;112.24;6.69;70
27;52.12;110.51;9.69;71
27;54.43;111.58;0.69;72
27;52.12;110.51;9.69;73
27;52.76;109.81;6.69;74
27;50.93;110.6;6.69;75
27;50.93;110.6;6.69;76
27;50.93;110.6;6.69;77
27;50.02;110.69;9.69;78
27;50;111.43;9.69;79
27;49.39;111.69;9.69;80
27;49.35;113.51;6.69;81
27;48.61;113.13;9.69;82
27;48.31;113.26;9.69;83
27;47.41;113.65;9.69;84
27;47.41;113.65;9.69;85
27;46.51;114.03;9.69;86
27;45.76;113.99;9.69;87
27;45.57;114.76;6.69;88
27;44.87;114.37;9.69;89
27;44.87;114.37;9.69;90
27;44.16;113.98;12.69;91
27;44.13;114.32;9.69;92
27;43.77;116.55;0.69;93
28;35.41;200.11;39.69;15
28;33.42;198.45;42.69;16
28;32.56;198.88;42.69;17
28;32.56;198.88;42.69;18
28;32.56;198.88;42.69;19
28;32.99;198.88;42.69;20
28;31.7;198.88;42.69;21
28;32.81;199.24;39.69;22
28;33.94;200.05;36.69;23
28;34.11;196.64;39.69;24
28;33.85;198.88;42.69;25
28;33.85;198.88;42.69;26
28;33.85;198.88;42.69;27
28;32.37;201.41;39.69;28
28;35.25;199.18;36.69;29
28;35.25;199.18;36.69;30
28;35.84;199.24;39.69;31
28;35.84;199.24;39.69;32
28;35.25;199.18;36.69;33
28;35.25;199.18;36.69;34
28;35.25;199.18;36.69;35
28;35.41;197.08;39.69;36
28;36.72;195.95;30.69;37
28;36.99;196.56;36.69;38
28;36.71;196.64;39.69;39
28;36.71;196.64;39.69;40
28;36.12;196.56;36.69;41
28;35.68;193.5;36.69;42
28;35.68;193.5;36.69;43
28;35.68;193.5;36.69;44
28;35.68;193.5;36.69;45
28;35.68;193.5;36.69;46
28;35.84;193.61;39.69;47
28;35.84;193.61;39.69;48
28;36.43;193.71;42.69;49
28;35.84;193.61;39.69;50
28;36.43;193.71;42.69;51
28;37.14;192.74;39.69;52
28;37.14;192.74;39.69;53
28;37.14;192.74;39.69;54
28;37.72;192.85;42.69;55
28;37.14;192.74;39.69;56
28;37.72;192.85;42.69;57
28;38.74;192.63;36.69;58
28;38.74;192.63;36.69;59
28;38.74;192.63;36.69;60
28;39.93;191.64;33.69;61
28;40.49;193.07;36.69;62
28;41.25;192.08;33.69;63
28;39.61;191.32;36.69;64
28;40.92;191.76;36.69;65
28;40.92;191.76;36.69;66
28;40.49;193.07;36.69;67
28;40.81;190.76;33.69;68
28;40.05;191.32;36.69;69
28;40.05;190.45;36.69;70
28;41.36;191.32;36.69;71
28;41.36;191.32;36.69;72
28;40.81;191.2;33.69;73
28;40.81;191.2;33.69;74
28;41.36;191.32;36.69;75
28;40.17;190.14;39.69;76
28;39.61;190.01;36.69;77
28;40.81;190.76;33.69;78
28;40.81;190.76;33.69;79
28;40.92;190.45;36.69;80
28;40.37;190.32;33.69;81
28;40.92;190.45;36.69;82
28;40.92;190.45;36.69;83
28;41.36;190.01;36.69;84
28;41.36;190.01;36.69;85
28;41.36;190.01;36.69;86
28;41.36;190.01;36.69;87
28;41.36;190.01;36.69;88
28;43.98;189.14;36.69;89
28;44.32;190.32;33.69;90
28;44.32;190.32;33.69;91
28;43.88;189.88;33.69;92
28;45.13;189.31;30.69;93
29;347.63;241.72;42.69;31
29;348.66;241.1;27.69;32
29;346.76;236.9;33.69;33
29;346.76;234.83;33.69;34
29;348.54;235.72;33.69;35
29;349.43;236.9;33.69;36
29;349.95;238.23;30.69;37
29;350.39;238.53;24.69;38
29;349.9;240.73;18.69;39
29;350.31;238.39;21.69;40
29;350.52;240.44;18.69;41
29;350.74;242.49;15.69;42
29;349.9;242.29;18.69;43
29;349.9;241.97;18.69;44
29;351.84;243.61;0.69;45
29;347.55;239.99;0.69;46
29;345.25;238.29;6.69;47
29;345.25;237.35;0.69;48
29;343.6;235.04;0.69;49
29;342.8;236.52;3.69;50
29;342.8;236.52;3.69;51
29;342.94;237.02;0.69;52
29;339.32;235.87;9.69;53
29;338.9;234.77;12.69;54
29;339.64;235.87;9.69;55
29;339.64;235.87;9.69;56
29;339.97;235.37;0.69;57
29;339.64;235.87;9.69;58
29;342.28;235.7;0.69;59
29;340.96;234.71;0.69;60
29;340.96;234.71;0.69;61
29;337.08;221.45;9.69;62
29;338.46;222.12;6.69;63
29;338.46;222.12;6.69;64
29;338.65;221.53;0.69;65
29;337.49;221.15;6.69;66
29;337.49;218.56;6.69;67
29;338.88;219.54;3.69;68
29;338.98;219.23;0.69;69
29;338.88;219.54;3.69;70
29;338.98;218.9;0.69;71
29;338.98;218.9;0.69;72
29;338.98;218.9;0.69;73
29;337.34;217.91;0.69;74
29;337.34;218.57;0.69;75
29;337.25;219.87;3.69;76
29;337.34;220.21;0.69;77
29;336.35;221.2;0.69;78
29;334.96;222.48;3.69;79
29;332.39;223.84;0.69;80
29;332.06;226.15;0.69;81
29;325.47;228.45;0.69;82
29;325.47;228.45;0.69;83
29;323.21;228.68;3.69;84
29;321.85;230.43;0.69;85
29;321.52;231.09;0.69;86
29;317.43;231.82;6.69;87
29;313.61;231.42;0.69;88
29;311.63;235.37;0.69;89
29;309;233.73;0.69;90
29;307.68;232.41;0.69;91
29;306.69;232.41;0.69;92
29;302.87;233.12;6.69;93
30;269.57;17.27;42.16;42
30;267.2;18.28;37.78;43
30;264.98;17.32;40.32;44
30;265.86;16.25;34.2;45
30;266.34;14.17;28.74;46
30;266.69;15.08;25.55;47
30;267.14;15.33;25.43;48
30;267.64;14.32;28.16;49
30;268.35;14.88;25.46;50
30;268.37;15.22;25.23;51
30;268.4;14.79;25.29;52
30;268.6;14.67;25.34;53
30;269.27;15.29;22.4;54
30;269.24;15.32;19.59;55
30;269.41;15.58;19.56;56
30;269.08;15.77;19.42;57
30;268.69;15.51;16.63;58
30;266.71;17.79;16.59;59
30;265.34;20.29;16.29;60
30;264.95;22.9;13.4;61
30;264.78;23.14;13.27;62
30;265.07;23.51;13.39;63
30;264.85;24.2;13.19;64
30;264.77;24.15;16.1;65
30;264.78;25;13.29;66
30;263.71;25.44;13.28;67
30;263.93;27.2;3.44;68
30;262.97;26.65;7.64;69
30;262.07;25.55;12.93;70
30;259.19;25.44;10.07;71
30;258.32;25.59;10.02;72
30;253.25;26.04;7.27;73
30;248.65;27.22;3.11;74
30;248.11;26.7;7.18;75
30;247.25;26.82;7.43;76
30;246.42;27.7;3.17;77
30;246.32;28.14;3.09;78
30;244.13;27.15;10.11;79
30;243.57;28.15;7.41;80
30;243.15;28.28;7.45;81
30;243.06;29.21;3.1;82
30;242.47;29.32;3.05;83
30;242.35;28.36;10.03;84
30;241.87;28.66;10.04;85
30;242.21;29.47;4.63;86
30;241.88;29.63;4.54;87
30;241.51;29.48;4.6;88
30;241.52;29.59;4.53;89
30;242.35;29.18;4.55;90
30;241.29;29.12;7.32;91
30;241.98;29.57;3;92
30;242.02;31.55;2.89;93
31;309.22;387.76;42.69;57
31;309.05;391.26;42.69;58
31;309.05;391.26;42.69;59
31;307.96;390.14;42.69;60
31;307.96;390.14;42.69;61
31;308.59;388.95;42.69;62
31;308.5;387.29;42.69;63
31;308.5;387.29;42.69;64
31;308.5;387.29;42.69;65
31;308.4;386.69;39.69;66
31;307.26;386.62;36.69;67
31;306.69;387.54;33.69;68
31;302.23;386.87;33.69;69
31;300.18;387.97;33.69;70
31;300.14;386.52;27.69;71
31;296.79;387.3;30.69;72
31;297.51;387.49;27.69;73
31;296.92;386.48;27.69;74
31;294.74;385.87;27.69;75
31;294.74;385.87;27.69;76
31;294.04;385.7;30.69;77
31;294.2;385.72;27.69;78
31;292.99;384.76;21.69;79
31;292.99;384.76;21.69;80
31;291.34;384.3;21.69;81
31;290.89;385.9;21.69;82
31;291.21;386.25;18.69;83
31;290.89;385.9;21.69;84
31;291.21;386.25;18.69;85
31;290.71;386.98;18.69;86
31;288.94;386.5;21.69;87
31;288.94;386.5;21.69;88
31;289.25;386.86;18.69;89
31;290.64;387.83;21.69;90
31;291.28;388.57;15.69;91
31;292.34;390.01;9.69;92
32;25.55;118.63;42.69;59
32;27.06;119.94;42.69;60
32;26.28;120.27;42.69;61
32;26.7;123.99;42.69;62
32;26.16;124.87;42.69;63
32;26.42;124.76;42.69;64
32;29.74;121.74;42.69;65
32;30.1;123.23;42.69;66
32;31.21;120.8;42.69;67
32;31.08;120.53;42.69;68
32;31.08;120.53;42.69;69
32;31.89;119.53;42.69;70
32;32.07;117.82;42.69;71
32;31.94;117.55;42.69;72
32;33.11;118.03;42.69;73
32;32.62;116.94;42.69;74
32;33.04;115.77;42.69;75
32;34.03;113.06;42.69;76
32;34.61;110.85;42.69;77
32;35.72;110.07;39.69;78
32;35.48;107.85;42.69;79
32;35.78;106.41;42.69;80
32;35.26;105.99;42.69;81
32;36.24;103.92;42.69;82
32;40.65;102.97;42.69;83
32;43.03;102.57;39.69;84
32;42.54;102.81;42.69;85
32;42.54;102.81;42.69;86
32;41.74;102.5;42.69;87
32;42.14;102.65;42.69;88
32;43.21;102.84;42.69;89
32;43.76;102.61;42.69;90
32;45.48;104.18;42.69;91
32;44.13;104.1;42.69;92
32;45.89;104.33;42.69;93
