condition,config_path,mu_hat,data_lmax,c_lmax,num_runs,num_threads,output_path,analysis_hash,expected_target_cells,c_skipped_target_cells_json,support_note
cell_type=B Cells | organ=popliteal lymph node | stimulus=Ovalbumin | dt_seconds=15.0,experiments/configs/ltdb_fitted_mu/cell_type_B_Cells_organ_popliteal_lymph_node_stimulus_Ovalbumin_dt_seconds_15_0.conf,1.3251095057934503,22.24867187047353,23,2000,50,./outputs/primary/c_comparison/cell_type_B_Cells_organ_popliteal_lymph_node_stimulus_Ovalbumin_dt_seconds_15_0/detection_time_fitted_mu_cell_type_B_Cells_organ_popliteal_lymph_node_stimulus_Ovalbumin_dt_seconds_15_0.csv,1863e2796ac124c0aa4f0d2e5bf6b1a755ccbd82a37a6b061379b4dccffad872,13,"[{""dimension"":2046.4292036732052,""projected_area"":4096.0,""shape"":""Line""},{""dimension"":8190.429203673205,""projected_area"":16384.0,""shape"":""Line""}]",C truncates l_max to int; config uses ceil(data_lmax)
cell_type=B Cells | organ=spleen | stimulus=Ovalbumin | dt_seconds=30.0,experiments/configs/ltdb_fitted_mu/cell_type_B_Cells_organ_spleen_stimulus_Ovalbumin_dt_seconds_30_0.conf,1.9054845689379944,14.498679250193792,15,2000,50,./outputs/primary/c_comparison/cell_type_B_Cells_organ_spleen_stimulus_Ovalbumin_dt_seconds_30_0/detection_time_fitted_mu_cell_type_B_Cells_organ_spleen_stimulus_Ovalbumin_dt_seconds_30_0.csv,1863e2796ac124c0aa4f0d2e5bf6b1a755ccbd82a37a6b061379b4dccffad872,13,"[{""dimension"":2046.4292036732052,""projected_area"":4096.0,""shape"":""Line""},{""dimension"":8190.429203673205,""projected_area"":16384.0,""shape"":""Line""}]",C truncates l_max to int; config uses ceil(data_lmax)
cell_type=Natural Killer Cells | organ=popliteal lymph node | stimulus=Influenza Vaccine | dt_seconds=30.0,experiments/configs/ltdb_fitted_mu/cell_type_Natural_Killer_Cells_organ_popliteal_lymph_node_stimulus_Influenza_Vaccine_dt_seconds_30_0.conf,1.7375375746492046,43.72690133087412,44,2000,50,./outputs/primary/c_comparison/cell_type_Natural_Killer_Cells_organ_popliteal_lymph_node_stimulus_Influenza_Vaccine_dt_seconds_30_0/detection_time_fitted_mu_cell_type_Natural_Killer_Cells_organ_popliteal_lymph_node_stimulus_Influenza_Vaccine_dt_seconds_30_0.csv,1863e2796ac124c0aa4f0d2e5bf6b1a755ccbd82a37a6b061379b4dccffad872,13,"[{""dimension"":2046.4292036732052,""projected_area"":4096.0,""shape"":""Line""},{""dimension"":8190.429203673205,""projected_area"":16384.0,""shape"":""Line""}]",C truncates l_max to int; config uses ceil(data_lmax)
cell_type=Neutrophils | organ=popliteal lymph node | stimulus=Influenza Vaccine | dt_seconds=12.0,experiments/configs/ltdb_fitted_mu/cell_type_Neutrophils_organ_popliteal_lymph_node_stimulus_Influenza_Vaccine_dt_seconds_12_0.conf,1.6622029487689771,44.02663852714626,45,2000,50,./outputs/primary/c_comparison/cell_type_Neutrophils_organ_popliteal_lymph_node_stimulus_Influenza_Vaccine_dt_seconds_12_0/detection_time_fitted_mu_cell_type_Neutrophils_organ_popliteal_lymph_node_stimulus_Influenza_Vaccine_dt_seconds_12_0.csv,1863e2796ac124c0aa4f0d2e5bf6b1a755ccbd82a37a6b061379b4dccffad872,13,"[{""dimension"":2046.4292036732052,""projected_area"":4096.0,""shape"":""Line""},{""dimension"":8190.429203673205,""projected_area"":16384.0,""shape"":""Line""}]",C truncates l_max to int; config uses ceil(data_lmax)
cell_type=Neutrophils | organ=popliteal lymph node | stimulus=Influenza Vaccine | dt_seconds=15.0,experiments/configs/ltdb_fitted_mu/cell_type_Neutrophils_organ_popliteal_lymph_node_stimulus_Influenza_Vaccine_dt_seconds_15_0.conf,1.626859429876692,61.14658126175166,62,2000,50,./outputs/primary/c_comparison/cell_type_Neutrophils_organ_popliteal_lymph_node_stimulus_Influenza_Vaccine_dt_seconds_15_0/detection_time_fitted_mu_cell_type_Neutrophils_organ_popliteal_lymph_node_stimulus_Influenza_Vaccine_dt_seconds_15_0.csv,1863e2796ac124c0aa4f0d2e5bf6b1a755ccbd82a37a6b061379b4dccffad872,13,"[{""dimension"":2046.4292036732052,""projected_area"":4096.0,""shape"":""Line""},{""dimension"":8190.429203673205,""projected_area"":16384.0,""shape"":""Line""}]",C truncates l_max to int; config uses ceil(data_lmax)
cell_type=Neutrophils | organ=popliteal lymph node | stimulus=Influenza Vaccine | dt_seconds=60.0,experiments/configs/ltdb_fitted_mu/cell_type_Neutrophils_organ_popliteal_lymph_node_stimulus_Influenza_Vaccine_dt_seconds_60_0.conf,1.2311254746476687,84.03418233076349,85,2000,50,./outputs/primary/c_comparison/cell_type_Neutrophils_organ_popliteal_lymph_node_stimulus_Influenza_Vaccine_dt_seconds_60_0/detection_time_fitted_mu_cell_type_Neutrophils_organ_popliteal_lymph_node_stimulus_Influenza_Vaccine_dt_seconds_60_0.csv,1863e2796ac124c0aa4f0d2e5bf6b1a755ccbd82a37a6b061379b4dccffad872,13,"[{""dimension"":2046.4292036732052,""projected_area"":4096.0,""shape"":""Line""},{""dimension"":8190.429203673205,""projected_area"":16384.0,""shape"":""Line""}]",C truncates l_max to int; config uses ceil(data_lmax)
cell_type=Neutrophils | organ=spleen | stimulus=Vaccinia Virus | dt_seconds=32.0,experiments/configs/ltdb_fitted_mu/cell_type_Neutrophils_organ_spleen_stimulus_Vaccinia_Virus_dt_seconds_32_0.conf,1.334990367036483,16.36081293823752,17,2000,50,./outputs/primary/c_comparison/cell_type_Neutrophils_organ_spleen_stimulus_Vaccinia_Virus_dt_seconds_32_0/detection_time_fitted_mu_cell_type_Neutrophils_organ_spleen_stimulus_Vaccinia_Virus_dt_seconds_32_0.csv,1863e2796ac124c0aa4f0d2e5bf6b1a755ccbd82a37a6b061379b4dccffad872,13,"[{""dimension"":2046.4292036732052,""projected_area"":4096.0,""shape"":""Line""},{""dimension"":8190.429203673205,""projected_area"":16384.0,""shape"":""Line""}]",C truncates l_max to int; config uses ceil(data_lmax)
cell_type=T Cells | organ=popliteal lymph node | stimulus=HIV-infected humanized T cell | dt_seconds=15.0,experiments/configs/ltdb_fitted_mu/cell_type_T_Cells_organ_popliteal_lymph_node_stimulus_HIV-infected_humanized_T_cell_dt_seconds_15_0.conf,1.218667380227506,41.78958721978485,42,2000,50,./outputs/primary/c_comparison/cell_type_T_Cells_organ_popliteal_lymph_node_stimulus_HIV-infected_humanized_T_cell_dt_seconds_15_0/detection_time_fitted_mu_cell_type_T_Cells_organ_popliteal_lymph_node_stimulus_HIV-infected_humanized_T_cell_dt_seconds_15_0.csv,1863e2796ac124c0aa4f0d2e5bf6b1a755ccbd82a37a6b061379b4dccffad872,13,"[{""dimension"":2046.4292036732052,""projected_area"":4096.0,""shape"":""Line""},{""dimension"":8190.429203673205,""projected_area"":16384.0,""shape"":""Line""}]",C truncates l_max to int; config uses ceil(data_lmax)
cell_type=T Cells | organ=popliteal lymph node | stimulus=Steady State | dt_seconds=20.0,experiments/configs/ltdb_fitted_mu/cell_type_T_Cells_organ_popliteal_lymph_node_stimulus_Steady_State_dt_seconds_20_0.conf,1.0364534713825757,36.56667608629474,37,2000,50,./outputs/primary/c_comparison/cell_type_T_Cells_organ_popliteal_lymph_node_stimulus_Steady_State_dt_seconds_20_0/detection_time_fitted_mu_cell_type_T_Cells_organ_popliteal_lymph_node_stimulus_Steady_State_dt_seconds_20_0.csv,1863e2796ac124c0aa4f0d2e5bf6b1a755ccbd82a37a6b061379b4dccffad872,13,"[{""dimension"":2046.4292036732052,""projected_area"":4096.0,""shape"":""Line""},{""dimension"":8190.429203673205,""projected_area"":16384.0,""shape"":""Line""}]",C truncates l_max to int; config uses ceil(data_lmax)
